Student_ID,First Name,Last Name,Age,Gender,DSA_Marks,PowerBI_Marks,Web_Development_Marks,SQL_Marks,Machine_Learning_Marks,Email,Password
1,Vihaan,Arora,21,Male,58,59,66,80,71,vihaan.arora@gmail.com,vihaan1234
2,Kavya,Gautam,23,Female,77,87,65,81,78,kavya.gautam@gmail.com,kavya1234
3,Navya,Dangwal,23,Female,90,95,67,63,72,navya.dangwal@gmail.com,navya1234
4,Aditya,Arora,24,Male,93,88,76,87,55,aditya.arora@gmail.com,aditya1234
5,Vihaan,Gautam,24,Female,54,55,80,85,79,vihaan.gautam@gmail.com,vihaan1234
6,Ishaan,Kapoor,22,Female,86,91,57,91,72,ishaan.kapoor@gmail.com,ishaan1234
7,Arjun,Verma,19,Female,99,91,73,76,77,arjun.verma@gmail.com,arjun1234
8,Vihaan,Sharma,21,Male,97,86,95,58,51,vihaan.sharma@gmail.com,vihaan1234
9,Vihaan,Sharma,21,Female,88,81,93,99,94,vihaan.sharma@gmail.com,vihaan1234
10,Aarav,Gautam,20,Male,91,86,82,85,61,aarav.gautam@gmail.com,aarav1234
11,Aisha,Puniya,18,Male,77,51,91,54,92,aisha.puniya@gmail.com,aisha1234
12,Karthik,Verma,24,Male,50,87,55,71,78,karthik.verma@gmail.com,karthik1234
13,Ayaan,Chakarvarty,23,Female,69,55,62,87,87,ayaan.chakarvarty@gmail.com,ayaan1234
14,Ayaan,Sharma,23,Female,63,85,93,94,82,ayaan.sharma@gmail.com,ayaan1234
15,Sia,Puniya,18,Male,56,89,57,97,85,sia.puniya@gmail.com,sia1234
16,Reyansh,Verma,21,Male,83,78,99,80,59,reyansh.verma@gmail.com,reyansh1234
17,Ayaan,Chakarvarty,22,Female,82,66,90,99,76,ayaan.chakarvarty@gmail.com,ayaan1234
18,Aarohi,Dangwal,21,Male,74,87,70,79,83,aarohi.dangwal@gmail.com,aarohi1234
19,Saanvi,Gautam,24,Female,77,85,81,90,99,saanvi.gautam@gmail.com,saanvi1234
20,Kavya,Dangwal,23,Female,76,85,98,72,93,kavya.dangwal@gmail.com,kavya1234
21,Saanvi,Arora,19,Male,97,72,76,82,97,saanvi.arora@gmail.com,saanvi1234
22,Vihaan,Puniya,24,Male,64,59,80,88,85,vihaan.puniya@gmail.com,vihaan1234
23,Saanvi,Gautam,20,Male,96,51,66,77,84,saanvi.gautam@gmail.com,saanvi1234
24,Ananya,Kapoor,20,Female,97,90,93,88,55,ananya.kapoor@gmail.com,ananya1234
25,Arjun,Verma,23,Male,50,60,95,97,56,arjun.verma@gmail.com,arjun1234
26,Isha,Puniya,24,Male,70,86,78,96,72,isha.puniya@gmail.com,isha1234
27,Aarohi,Dangwal,23,Male,53,81,89,51,87,aarohi.dangwal@gmail.com,aarohi1234
28,Mira,Puniya,21,Male,52,75,54,83,53,mira.puniya@gmail.com,mira1234
29,Ayaan,Sharma,18,Female,85,94,63,82,50,ayaan.sharma@gmail.com,ayaan1234
30,Aditya,Dangwal,22,Male,66,77,93,52,88,aditya.dangwal@gmail.com,aditya1234
31,Ananya,Sharma,18,Male,88,86,70,76,85,ananya.sharma@gmail.com,ananya1234
32,Aarohi,Singh,22,Male,86,64,63,69,91,aarohi.singh@gmail.com,aarohi1234
33,Vivaan,Puniya,21,Female,82,89,80,51,80,vivaan.puniya@gmail.com,vivaan1234
34,Aarohi,Dangwal,24,Female,53,54,87,62,54,aarohi.dangwal@gmail.com,aarohi1234
35,Aisha,Verma,24,Female,61,56,55,95,62,aisha.verma@gmail.com,aisha1234
36,Aanya,Sharma,20,Male,56,66,75,96,55,aanya.sharma@gmail.com,aanya1234
37,Aarav,Kapoor,22,Male,57,51,76,57,61,aarav.kapoor@gmail.com,aarav1234
38,Saanvi,Puniya,23,Female,88,51,99,76,88,saanvi.puniya@gmail.com,saanvi1234
39,Kavya,Chakarvarty,21,Male,53,97,76,64,65,kavya.chakarvarty@gmail.com,kavya1234
40,Vivaan,Kapoor,21,Male,81,90,61,68,50,vivaan.kapoor@gmail.com,vivaan1234
41,Aarohi,Dangwal,24,Female,82,54,74,80,69,aarohi.dangwal@gmail.com,aarohi1234
42,Aisha,Singh,19,Female,72,77,80,81,97,aisha.singh@gmail.com,aisha1234
43,Karthik,Arora,23,Female,55,60,58,51,60,karthik.arora@gmail.com,karthik1234
44,Arjun,Puniya,23,Female,65,51,89,77,64,arjun.puniya@gmail.com,arjun1234
45,Ishaan,Kapoor,23,Male,93,87,50,70,80,ishaan.kapoor@gmail.com,ishaan1234
46,Reyansh,Dangwal,24,Female,59,52,52,74,90,reyansh.dangwal@gmail.com,reyansh1234
47,Ananya,Sharma,19,Female,85,96,74,53,76,ananya.sharma@gmail.com,ananya1234
48,Sia,Arora,23,Female,80,85,80,76,97,sia.arora@gmail.com,sia1234
49,Vihaan,Chakarvarty,21,Female,56,50,53,99,85,vihaan.chakarvarty@gmail.com,vihaan1234
50,Navya,Gautam,22,Male,90,54,91,82,65,navya.gautam@gmail.com,navya1234
51,Aarav,Kapoor,18,Male,52,76,72,80,61,aarav.kapoor@gmail.com,aarav1234
52,Ishaan,Puniya,22,Male,80,75,91,62,84,ishaan.puniya@gmail.com,ishaan1234
53,Mira,Dangwal,19,Male,79,95,61,93,68,mira.dangwal@gmail.com,mira1234
54,Arjun,Kapoor,19,Male,57,93,77,52,61,arjun.kapoor@gmail.com,arjun1234
55,Navya,Arora,20,Male,69,82,55,68,72,navya.arora@gmail.com,navya1234
56,Aarohi,Gautam,19,Male,64,93,85,60,64,aarohi.gautam@gmail.com,aarohi1234
57,Aarohi,Kapoor,20,Male,95,73,91,63,95,aarohi.kapoor@gmail.com,aarohi1234
58,Aarohi,Kapoor,24,Male,81,95,93,88,91,aarohi.kapoor@gmail.com,aarohi1234
59,Arjun,Arora,20,Male,72,78,80,68,88,arjun.arora@gmail.com,arjun1234
60,Aisha,Sharma,22,Male,76,98,78,61,78,aisha.sharma@gmail.com,aisha1234
61,Aarohi,Puniya,18,Male,80,95,87,74,93,aarohi.puniya@gmail.com,aarohi1234
62,Aanya,Kapoor,19,Female,70,51,98,79,50,aanya.kapoor@gmail.com,aanya1234
63,Arjun,Singh,20,Male,51,99,68,54,94,arjun.singh@gmail.com,arjun1234
64,Karthik,Kapoor,18,Male,65,93,81,82,81,karthik.kapoor@gmail.com,karthik1234
65,Vihaan,Verma,24,Female,88,64,60,56,72,vihaan.verma@gmail.com,vihaan1234
66,Aisha,Arora,22,Female,81,53,89,86,71,aisha.arora@gmail.com,aisha1234
67,Vivaan,Chakarvarty,22,Female,54,90,75,88,68,vivaan.chakarvarty@gmail.com,vivaan1234
68,Karthik,Kapoor,19,Male,89,62,75,89,67,karthik.kapoor@gmail.com,karthik1234
69,Karthik,Verma,20,Female,53,59,55,68,85,karthik.verma@gmail.com,karthik1234
70,Isha,Dangwal,23,Female,76,99,73,91,56,isha.dangwal@gmail.com,isha1234
71,Kavya,Verma,18,Male,58,86,51,65,97,kavya.verma@gmail.com,kavya1234
72,Aisha,Arora,23,Female,88,52,71,68,80,aisha.arora@gmail.com,aisha1234
73,Aarohi,Verma,24,Female,93,97,64,55,75,aarohi.verma@gmail.com,aarohi1234
74,Navya,Singh,20,Male,75,83,74,83,54,navya.singh@gmail.com,navya1234
75,Aditya,Verma,21,Male,56,63,71,94,65,aditya.verma@gmail.com,aditya1234
76,Ishaan,Dangwal,21,Female,96,89,78,62,63,ishaan.dangwal@gmail.com,ishaan1234
77,Aarav,Gautam,22,Female,79,62,67,52,71,aarav.gautam@gmail.com,aarav1234
78,Aditya,Sharma,24,Female,87,92,92,76,75,aditya.sharma@gmail.com,aditya1234
79,Diya,Singh,21,Male,86,51,73,68,68,diya.singh@gmail.com,diya1234
80,Aarav,Puniya,23,Female,52,73,56,80,88,aarav.puniya@gmail.com,aarav1234
81,Reyansh,Singh,21,Female,57,98,70,62,76,reyansh.singh@gmail.com,reyansh1234
82,Aarav,Chakarvarty,19,Female,51,82,74,87,78,aarav.chakarvarty@gmail.com,aarav1234
83,Ananya,Dangwal,20,Male,64,74,88,97,96,ananya.dangwal@gmail.com,ananya1234
84,Aarav,Kapoor,24,Female,58,83,77,82,73,aarav.kapoor@gmail.com,aarav1234
85,Arjun,Kapoor,22,Female,68,64,82,70,51,arjun.kapoor@gmail.com,arjun1234
86,Aisha,Sharma,23,Male,96,90,88,95,98,aisha.sharma@gmail.com,aisha1234
87,Aarav,Kapoor,22,Male,70,54,71,73,51,aarav.kapoor@gmail.com,aarav1234
88,Aanya,Gautam,19,Female,66,96,88,63,95,aanya.gautam@gmail.com,aanya1234
89,Ishaan,Sharma,22,Male,96,53,78,84,81,ishaan.sharma@gmail.com,ishaan1234
90,Karthik,Singh,18,Male,87,82,74,84,97,karthik.singh@gmail.com,karthik1234
91,Mira,Kapoor,22,Female,53,95,70,58,55,mira.kapoor@gmail.com,mira1234
92,Ayaan,Verma,20,Male,67,75,79,68,82,ayaan.verma@gmail.com,ayaan1234
93,Aarav,Singh,24,Female,85,71,56,80,50,aarav.singh@gmail.com,aarav1234
94,Arjun,Gautam,19,Male,84,63,56,97,52,arjun.gautam@gmail.com,arjun1234
95,Vivaan,Kapoor,24,Female,83,82,58,64,63,vivaan.kapoor@gmail.com,vivaan1234
96,Diya,Singh,21,Male,57,88,93,71,57,diya.singh@gmail.com,diya1234
97,Ananya,Kapoor,18,Female,88,54,57,50,94,ananya.kapoor@gmail.com,ananya1234
98,Mira,Dangwal,18,Male,95,71,94,84,81,mira.dangwal@gmail.com,mira1234
99,Navya,Chakarvarty,23,Female,95,83,63,57,51,navya.chakarvarty@gmail.com,navya1234
100,Aditya,Singh,21,Female,56,81,68,55,74,aditya.singh@gmail.com,aditya1234
101,Aanya,Arora,18,Female,81,63,83,70,82,aanya.arora@gmail.com,aanya1234
102,Karthik,Sharma,24,Male,82,93,71,93,82,karthik.sharma@gmail.com,karthik1234
103,Karthik,Verma,20,Male,83,99,91,86,62,karthik.verma@gmail.com,karthik1234
104,Ananya,Gautam,19,Male,89,96,95,61,67,ananya.gautam@gmail.com,ananya1234
105,Aisha,Puniya,20,Female,67,74,92,84,97,aisha.puniya@gmail.com,aisha1234
106,Ananya,Verma,23,Male,93,79,74,62,77,ananya.verma@gmail.com,ananya1234
107,Ayaan,Arora,21,Male,61,59,85,83,71,ayaan.arora@gmail.com,ayaan1234
108,Aditya,Puniya,19,Male,86,50,88,71,53,aditya.puniya@gmail.com,aditya1234
109,Reyansh,Puniya,23,Male,67,88,77,98,58,reyansh.puniya@gmail.com,reyansh1234
110,Vihaan,Verma,24,Female,76,66,68,56,81,vihaan.verma@gmail.com,vihaan1234
111,Aisha,Gautam,23,Female,53,80,90,76,80,aisha.gautam@gmail.com,aisha1234
112,Sia,Kapoor,19,Male,96,58,81,64,64,sia.kapoor@gmail.com,sia1234
113,Aisha,Kapoor,19,Male,73,75,89,90,53,aisha.kapoor@gmail.com,aisha1234
114,Saanvi,Gautam,18,Female,59,81,68,71,71,saanvi.gautam@gmail.com,saanvi1234
115,Ayaan,Chakarvarty,23,Male,91,64,91,61,69,ayaan.chakarvarty@gmail.com,ayaan1234
116,Navya,Dangwal,23,Male,53,62,85,93,80,navya.dangwal@gmail.com,navya1234
117,Reyansh,Gautam,19,Female,57,64,59,87,82,reyansh.gautam@gmail.com,reyansh1234
118,Ishaan,Chakarvarty,24,Female,54,92,70,57,84,ishaan.chakarvarty@gmail.com,ishaan1234
119,Ishaan,Gautam,22,Male,54,82,56,87,82,ishaan.gautam@gmail.com,ishaan1234
120,Vivaan,Puniya,23,Male,89,80,73,69,76,vivaan.puniya@gmail.com,vivaan1234
121,Karthik,Kapoor,24,Female,59,59,50,94,76,karthik.kapoor@gmail.com,karthik1234
122,Ayaan,Sharma,18,Male,73,97,88,64,74,ayaan.sharma@gmail.com,ayaan1234
123,Navya,Verma,23,Male,99,73,68,94,78,navya.verma@gmail.com,navya1234
124,Sia,Sharma,20,Female,96,54,90,78,85,sia.sharma@gmail.com,sia1234
125,Ayaan,Sharma,24,Male,84,83,78,54,65,ayaan.sharma@gmail.com,ayaan1234
126,Karthik,Puniya,19,Female,90,78,82,78,65,karthik.puniya@gmail.com,karthik1234
127,Aarav,Puniya,23,Male,81,77,54,99,50,aarav.puniya@gmail.com,aarav1234
128,Karthik,Arora,24,Female,69,75,61,82,99,karthik.arora@gmail.com,karthik1234
129,Saanvi,Verma,19,Male,92,69,52,95,67,saanvi.verma@gmail.com,saanvi1234
130,Aarav,Dangwal,23,Male,97,96,85,73,59,aarav.dangwal@gmail.com,aarav1234
131,Ananya,Chakarvarty,23,Female,98,54,88,82,92,ananya.chakarvarty@gmail.com,ananya1234
132,Diya,Dangwal,24,Female,78,85,60,90,88,diya.dangwal@gmail.com,diya1234
133,Aditya,Singh,21,Male,99,61,97,64,82,aditya.singh@gmail.com,aditya1234
134,Navya,Verma,23,Female,91,76,79,77,88,navya.verma@gmail.com,navya1234
135,Aanya,Arora,20,Male,74,55,98,68,70,aanya.arora@gmail.com,aanya1234
136,Arjun,Chakarvarty,24,Female,89,64,57,57,79,arjun.chakarvarty@gmail.com,arjun1234
137,Aditya,Dangwal,20,Female,57,95,72,71,74,aditya.dangwal@gmail.com,aditya1234
138,Ananya,Puniya,23,Female,50,85,84,80,75,ananya.puniya@gmail.com,ananya1234
139,Diya,Chakarvarty,24,Female,92,78,87,61,69,diya.chakarvarty@gmail.com,diya1234
140,Navya,Chakarvarty,19,Female,70,90,63,67,88,navya.chakarvarty@gmail.com,navya1234
141,Ananya,Gautam,19,Male,76,98,52,73,81,ananya.gautam@gmail.com,ananya1234
142,Aisha,Verma,22,Female,70,74,87,59,87,aisha.verma@gmail.com,aisha1234
143,Kavya,Arora,19,Female,70,89,53,68,79,kavya.arora@gmail.com,kavya1234
144,Saanvi,Dangwal,21,Male,97,92,58,56,67,saanvi.dangwal@gmail.com,saanvi1234
145,Reyansh,Kapoor,24,Male,71,57,62,63,86,reyansh.kapoor@gmail.com,reyansh1234
146,Saanvi,Chakarvarty,20,Male,80,98,60,95,68,saanvi.chakarvarty@gmail.com,saanvi1234
147,Aarav,Singh,22,Male,62,67,81,75,89,aarav.singh@gmail.com,aarav1234
148,Saanvi,Arora,18,Male,78,92,86,53,80,saanvi.arora@gmail.com,saanvi1234
149,Arjun,Gautam,20,Male,83,64,73,91,77,arjun.gautam@gmail.com,arjun1234
150,Diya,Puniya,24,Female,64,74,50,58,74,diya.puniya@gmail.com,diya1234
151,Navya,Kapoor,20,Male,60,63,84,92,92,navya.kapoor@gmail.com,navya1234
152,Vihaan,Sharma,21,Female,51,98,72,79,81,vihaan.sharma@gmail.com,vihaan1234
153,Navya,Arora,24,Male,93,85,64,72,63,navya.arora@gmail.com,navya1234
154,Ayaan,Chakarvarty,21,Female,95,65,91,97,81,ayaan.chakarvarty@gmail.com,ayaan1234
155,Navya,Dangwal,19,Female,98,56,67,82,82,navya.dangwal@gmail.com,navya1234
156,Ayaan,Verma,18,Male,50,89,64,68,69,ayaan.verma@gmail.com,ayaan1234
157,Arjun,Arora,21,Male,91,97,52,81,85,arjun.arora@gmail.com,arjun1234
158,Aanya,Puniya,24,Male,68,87,59,51,87,aanya.puniya@gmail.com,aanya1234
159,Vivaan,Chakarvarty,19,Male,58,77,99,80,76,vivaan.chakarvarty@gmail.com,vivaan1234
160,Reyansh,Puniya,23,Female,51,66,85,87,62,reyansh.puniya@gmail.com,reyansh1234
161,Aisha,Chakarvarty,23,Female,52,71,71,55,85,aisha.chakarvarty@gmail.com,aisha1234
162,Kavya,Kapoor,24,Female,56,84,52,77,53,kavya.kapoor@gmail.com,kavya1234
163,Aisha,Gautam,19,Male,74,56,70,61,98,aisha.gautam@gmail.com,aisha1234
164,Ishaan,Singh,24,Male,88,72,81,93,77,ishaan.singh@gmail.com,ishaan1234
165,Aisha,Puniya,21,Male,75,96,64,98,70,aisha.puniya@gmail.com,aisha1234
166,Vivaan,Dangwal,20,Male,52,64,65,82,90,vivaan.dangwal@gmail.com,vivaan1234
167,Aanya,Arora,20,Female,66,72,79,83,77,aanya.arora@gmail.com,aanya1234
168,Diya,Arora,24,Female,77,96,75,81,64,diya.arora@gmail.com,diya1234
169,Kavya,Arora,21,Male,90,58,62,69,84,kavya.arora@gmail.com,kavya1234
170,Aarohi,Gautam,18,Female,90,67,58,83,73,aarohi.gautam@gmail.com,aarohi1234
171,Aarav,Arora,20,Male,64,82,87,68,89,aarav.arora@gmail.com,aarav1234
172,Saanvi,Sharma,23,Male,55,88,80,71,63,saanvi.sharma@gmail.com,saanvi1234
173,Karthik,Gautam,23,Female,86,53,97,72,97,karthik.gautam@gmail.com,karthik1234
174,Reyansh,Verma,20,Female,55,96,99,72,61,reyansh.verma@gmail.com,reyansh1234
175,Aarav,Chakarvarty,19,Female,82,52,94,90,89,aarav.chakarvarty@gmail.com,aarav1234
176,Arjun,Puniya,21,Female,94,59,67,60,60,arjun.puniya@gmail.com,arjun1234
177,Aanya,Singh,21,Male,65,74,55,75,56,aanya.singh@gmail.com,aanya1234
178,Mira,Puniya,22,Female,94,58,59,75,83,mira.puniya@gmail.com,mira1234
179,Sia,Gautam,18,Male,71,67,79,63,55,sia.gautam@gmail.com,sia1234
180,Sia,Singh,21,Male,71,84,91,80,58,sia.singh@gmail.com,sia1234
181,Ananya,Singh,20,Female,74,61,92,58,87,ananya.singh@gmail.com,ananya1234
182,Aarav,Gautam,20,Male,88,66,56,87,93,aarav.gautam@gmail.com,aarav1234
183,Ayaan,Puniya,19,Male,72,59,51,62,92,ayaan.puniya@gmail.com,ayaan1234
184,Ishaan,Singh,22,Female,91,51,93,74,60,ishaan.singh@gmail.com,ishaan1234
185,Aanya,Sharma,20,Male,55,79,67,84,52,aanya.sharma@gmail.com,aanya1234
186,Ananya,Gautam,21,Female,60,76,92,92,58,ananya.gautam@gmail.com,ananya1234
187,Diya,Sharma,20,Male,59,65,80,54,61,diya.sharma@gmail.com,diya1234
188,Vivaan,Arora,19,Male,92,96,91,71,89,vivaan.arora@gmail.com,vivaan1234
189,Karthik,Sharma,24,Female,77,68,51,81,60,karthik.sharma@gmail.com,karthik1234
190,Aarav,Dangwal,24,Female,82,89,62,58,70,aarav.dangwal@gmail.com,aarav1234
191,Sia,Gautam,24,Male,89,55,75,73,67,sia.gautam@gmail.com,sia1234
192,Ananya,Kapoor,21,Female,97,88,94,61,65,ananya.kapoor@gmail.com,ananya1234
193,Isha,Verma,23,Male,97,53,84,95,83,isha.verma@gmail.com,isha1234
194,Aanya,Chakarvarty,21,Male,63,75,79,96,86,aanya.chakarvarty@gmail.com,aanya1234
195,Mira,Chakarvarty,20,Female,63,51,53,85,95,mira.chakarvarty@gmail.com,mira1234
196,Aanya,Arora,22,Female,78,67,75,95,52,aanya.arora@gmail.com,aanya1234
197,Aditya,Sharma,21,Female,76,80,87,52,71,aditya.sharma@gmail.com,aditya1234
198,Diya,Puniya,19,Male,64,90,60,99,84,diya.puniya@gmail.com,diya1234
199,Aanya,Verma,19,Female,89,75,95,79,93,aanya.verma@gmail.com,aanya1234
200,Sia,Verma,20,Male,67,69,71,98,89,sia.verma@gmail.com,sia1234
201,Vihaan,Kapoor,23,Female,71,55,87,96,81,vihaan.kapoor@gmail.com,vihaan1234
202,Aarohi,Sharma,19,Male,76,96,88,66,62,aarohi.sharma@gmail.com,aarohi1234
203,Aarohi,Dangwal,24,Male,51,89,85,76,63,aarohi.dangwal@gmail.com,aarohi1234
204,Aditya,Arora,21,Female,89,92,87,61,99,aditya.arora@gmail.com,aditya1234
205,Aarav,Kapoor,24,Female,54,54,91,95,68,aarav.kapoor@gmail.com,aarav1234
206,Ayaan,Verma,19,Female,57,68,56,51,78,ayaan.verma@gmail.com,ayaan1234
207,Ananya,Gautam,21,Male,98,78,85,72,67,ananya.gautam@gmail.com,ananya1234
208,Saanvi,Puniya,22,Female,50,58,67,94,88,saanvi.puniya@gmail.com,saanvi1234
209,Sia,Chakarvarty,19,Female,89,99,68,97,50,sia.chakarvarty@gmail.com,sia1234
210,Isha,Verma,24,Female,52,55,54,60,75,isha.verma@gmail.com,isha1234
211,Aditya,Arora,19,Male,89,76,91,83,72,aditya.arora@gmail.com,aditya1234
212,Karthik,Dangwal,18,Female,96,95,81,96,68,karthik.dangwal@gmail.com,karthik1234
213,Ananya,Puniya,22,Female,53,94,94,96,99,ananya.puniya@gmail.com,ananya1234
214,Isha,Arora,20,Male,55,64,71,59,89,isha.arora@gmail.com,isha1234
215,Navya,Dangwal,20,Female,78,55,76,70,65,navya.dangwal@gmail.com,navya1234
216,Vivaan,Puniya,18,Female,62,61,90,88,63,vivaan.puniya@gmail.com,vivaan1234
217,Aarohi,Singh,18,Male,66,86,63,69,98,aarohi.singh@gmail.com,aarohi1234
218,Saanvi,Puniya,19,Male,67,51,80,87,72,saanvi.puniya@gmail.com,saanvi1234
219,Ayaan,Puniya,22,Female,97,57,71,88,95,ayaan.puniya@gmail.com,ayaan1234
220,Aditya,Singh,21,Female,53,88,71,52,79,aditya.singh@gmail.com,aditya1234
221,Karthik,Arora,24,Female,54,94,59,66,92,karthik.arora@gmail.com,karthik1234
222,Aarohi,Sharma,21,Male,60,72,87,65,92,aarohi.sharma@gmail.com,aarohi1234
223,Mira,Singh,19,Male,63,82,68,88,99,mira.singh@gmail.com,mira1234
224,Karthik,Arora,23,Female,58,66,82,53,50,karthik.arora@gmail.com,karthik1234
225,Karthik,Verma,21,Male,53,69,90,51,98,karthik.verma@gmail.com,karthik1234
226,Vihaan,Dangwal,24,Female,65,70,86,84,82,vihaan.dangwal@gmail.com,vihaan1234
227,Aditya,Arora,22,Male,70,50,81,88,72,aditya.arora@gmail.com,aditya1234
228,Aarav,Sharma,18,Female,74,82,50,90,86,aarav.sharma@gmail.com,aarav1234
229,Reyansh,Verma,20,Male,77,52,83,77,74,reyansh.verma@gmail.com,reyansh1234
230,Navya,Kapoor,24,Female,67,93,54,92,61,navya.kapoor@gmail.com,navya1234
231,Kavya,Kapoor,20,Female,98,82,76,53,60,kavya.kapoor@gmail.com,kavya1234
232,Aarav,Arora,23,Female,89,54,58,81,92,aarav.arora@gmail.com,aarav1234
233,Ananya,Gautam,18,Female,85,87,67,88,78,ananya.gautam@gmail.com,ananya1234
234,Saanvi,Chakarvarty,20,Female,93,67,71,51,56,saanvi.chakarvarty@gmail.com,saanvi1234
235,Isha,Singh,22,Male,60,73,70,52,72,isha.singh@gmail.com,isha1234
236,Ananya,Verma,18,Female,59,84,59,61,79,ananya.verma@gmail.com,ananya1234
237,Reyansh,Dangwal,22,Male,67,96,60,74,60,reyansh.dangwal@gmail.com,reyansh1234
238,Aditya,Singh,21,Female,72,67,96,50,76,aditya.singh@gmail.com,aditya1234
239,Aarav,Kapoor,22,Male,74,83,85,72,60,aarav.kapoor@gmail.com,aarav1234
240,Aanya,Singh,22,Female,89,63,78,94,93,aanya.singh@gmail.com,aanya1234
241,Ananya,Arora,20,Male,95,56,92,67,97,ananya.arora@gmail.com,ananya1234
242,Reyansh,Chakarvarty,20,Female,81,93,88,68,58,reyansh.chakarvarty@gmail.com,reyansh1234
243,Vivaan,Dangwal,18,Male,90,88,94,63,91,vivaan.dangwal@gmail.com,vivaan1234
244,Vihaan,Sharma,18,Female,67,94,67,59,72,vihaan.sharma@gmail.com,vihaan1234
245,Reyansh,Chakarvarty,24,Male,61,88,87,71,90,reyansh.chakarvarty@gmail.com,reyansh1234
246,Ananya,Chakarvarty,20,Female,69,58,99,59,66,ananya.chakarvarty@gmail.com,ananya1234
247,Isha,Verma,20,Female,53,59,80,79,67,isha.verma@gmail.com,isha1234
248,Ananya,Arora,19,Male,78,81,70,77,71,ananya.arora@gmail.com,ananya1234
249,Ishaan,Gautam,23,Female,95,96,61,86,99,ishaan.gautam@gmail.com,ishaan1234
250,Ayaan,Gautam,18,Female,55,79,69,52,70,ayaan.gautam@gmail.com,ayaan1234
251,Aisha,Arora,21,Male,85,68,70,85,69,aisha.arora@gmail.com,aisha1234
252,Kavya,Sharma,23,Male,94,92,68,91,74,kavya.sharma@gmail.com,kavya1234
253,Aarav,Puniya,23,Male,98,97,53,72,86,aarav.puniya@gmail.com,aarav1234
254,Mira,Verma,22,Female,61,92,67,87,96,mira.verma@gmail.com,mira1234
255,Ananya,Chakarvarty,20,Male,60,58,83,79,86,ananya.chakarvarty@gmail.com,ananya1234
256,Kavya,Puniya,20,Female,86,92,59,74,73,kavya.puniya@gmail.com,kavya1234
257,Saanvi,Singh,19,Female,60,54,94,70,56,saanvi.singh@gmail.com,saanvi1234
258,Aarav,Kapoor,20,Male,60,76,64,88,94,aarav.kapoor@gmail.com,aarav1234
259,Aarohi,Sharma,24,Female,52,86,77,96,56,aarohi.sharma@gmail.com,aarohi1234
260,Sia,Puniya,20,Male,85,57,73,62,69,sia.puniya@gmail.com,sia1234
261,Aarav,Sharma,23,Male,88,76,54,96,60,aarav.sharma@gmail.com,aarav1234
262,Ananya,Chakarvarty,24,Male,98,79,91,52,91,ananya.chakarvarty@gmail.com,ananya1234
263,Sia,Verma,18,Female,86,71,60,53,69,sia.verma@gmail.com,sia1234
264,Vihaan,Singh,24,Female,58,84,80,78,74,vihaan.singh@gmail.com,vihaan1234
265,Vivaan,Sharma,24,Male,64,74,99,95,58,vivaan.sharma@gmail.com,vivaan1234
266,Reyansh,Singh,22,Male,69,80,88,85,99,reyansh.singh@gmail.com,reyansh1234
267,Ananya,Sharma,24,Male,94,92,54,98,94,ananya.sharma@gmail.com,ananya1234
268,Arjun,Dangwal,21,Male,50,51,52,86,93,arjun.dangwal@gmail.com,arjun1234
269,Ishaan,Gautam,20,Male,73,97,74,71,67,ishaan.gautam@gmail.com,ishaan1234
270,Mira,Verma,23,Male,98,63,76,75,73,mira.verma@gmail.com,mira1234
271,Aanya,Verma,21,Male,50,96,52,75,62,aanya.verma@gmail.com,aanya1234
272,Vihaan,Sharma,19,Female,89,90,69,57,54,vihaan.sharma@gmail.com,vihaan1234
273,Vihaan,Dangwal,21,Male,51,58,51,58,70,vihaan.dangwal@gmail.com,vihaan1234
274,Navya,Dangwal,20,Female,50,74,99,65,85,navya.dangwal@gmail.com,navya1234
275,Kavya,Arora,20,Female,84,60,51,68,67,kavya.arora@gmail.com,kavya1234
276,Aisha,Verma,22,Female,56,79,94,95,55,aisha.verma@gmail.com,aisha1234
277,Aditya,Verma,18,Female,71,87,62,56,51,aditya.verma@gmail.com,aditya1234
278,Vihaan,Dangwal,22,Female,74,62,89,73,69,vihaan.dangwal@gmail.com,vihaan1234
279,Aditya,Arora,22,Female,79,87,90,61,97,aditya.arora@gmail.com,aditya1234
280,Aarav,Arora,24,Female,71,82,89,60,86,aarav.arora@gmail.com,aarav1234
281,Aisha,Verma,19,Female,88,53,71,75,84,aisha.verma@gmail.com,aisha1234
282,Navya,Kapoor,24,Male,99,75,90,73,54,navya.kapoor@gmail.com,navya1234
283,Aanya,Verma,24,Male,85,86,92,73,89,aanya.verma@gmail.com,aanya1234
284,Aanya,Kapoor,19,Male,99,70,51,70,81,aanya.kapoor@gmail.com,aanya1234
285,Reyansh,Kapoor,21,Female,53,99,84,79,76,reyansh.kapoor@gmail.com,reyansh1234
286,Aanya,Arora,23,Male,51,72,51,64,99,aanya.arora@gmail.com,aanya1234
287,Aanya,Verma,23,Female,67,62,81,76,94,aanya.verma@gmail.com,aanya1234
288,Aditya,Verma,23,Male,73,50,77,84,64,aditya.verma@gmail.com,aditya1234
289,Aisha,Gautam,20,Male,93,76,87,55,86,aisha.gautam@gmail.com,aisha1234
290,Reyansh,Sharma,24,Female,99,90,80,89,55,reyansh.sharma@gmail.com,reyansh1234
291,Aarav,Kapoor,18,Male,75,54,80,51,80,aarav.kapoor@gmail.com,aarav1234
292,Karthik,Singh,24,Female,60,85,77,59,82,karthik.singh@gmail.com,karthik1234
293,Navya,Verma,24,Male,70,58,91,78,66,navya.verma@gmail.com,navya1234
294,Ayaan,Verma,19,Male,73,63,59,74,69,ayaan.verma@gmail.com,ayaan1234
295,Aarohi,Sharma,21,Male,80,77,52,51,54,aarohi.sharma@gmail.com,aarohi1234
296,Mira,Sharma,24,Male,85,87,99,79,78,mira.sharma@gmail.com,mira1234
297,Karthik,Dangwal,22,Female,70,94,64,92,88,karthik.dangwal@gmail.com,karthik1234
298,Arjun,Sharma,22,Male,74,87,85,81,99,arjun.sharma@gmail.com,arjun1234
299,Mira,Gautam,20,Male,73,79,62,69,58,mira.gautam@gmail.com,mira1234
300,Ishaan,Kapoor,19,Male,70,74,90,79,67,ishaan.kapoor@gmail.com,ishaan1234
301,Mira,Singh,22,Female,89,76,93,53,80,mira.singh@gmail.com,mira1234
302,Aarav,Gautam,23,Female,95,64,83,96,60,aarav.gautam@gmail.com,aarav1234
303,Isha,Singh,23,Male,91,76,94,88,96,isha.singh@gmail.com,isha1234
304,Isha,Gautam,18,Male,66,87,86,80,81,isha.gautam@gmail.com,isha1234
305,Reyansh,Kapoor,23,Male,95,81,65,65,59,reyansh.kapoor@gmail.com,reyansh1234
306,Sia,Singh,22,Male,69,74,66,54,99,sia.singh@gmail.com,sia1234
307,Isha,Dangwal,18,Male,96,66,85,55,55,isha.dangwal@gmail.com,isha1234
308,Aarohi,Puniya,18,Female,58,57,63,77,82,aarohi.puniya@gmail.com,aarohi1234
309,Vihaan,Singh,20,Male,76,95,66,69,96,vihaan.singh@gmail.com,vihaan1234
310,Aisha,Dangwal,21,Female,72,68,97,66,85,aisha.dangwal@gmail.com,aisha1234
311,Ananya,Sharma,18,Male,51,74,56,56,59,ananya.sharma@gmail.com,ananya1234
312,Aarav,Puniya,20,Female,96,83,63,61,94,aarav.puniya@gmail.com,aarav1234
313,Navya,Arora,22,Male,76,78,57,86,69,navya.arora@gmail.com,navya1234
314,Karthik,Gautam,20,Female,57,54,66,94,84,karthik.gautam@gmail.com,karthik1234
315,Saanvi,Verma,21,Male,96,97,67,54,86,saanvi.verma@gmail.com,saanvi1234
316,Ishaan,Sharma,20,Male,61,63,88,56,69,ishaan.sharma@gmail.com,ishaan1234
317,Aarohi,Puniya,23,Female,87,56,55,57,90,aarohi.puniya@gmail.com,aarohi1234
318,Karthik,Arora,20,Male,71,74,51,71,73,karthik.arora@gmail.com,karthik1234
319,Diya,Dangwal,23,Female,83,83,85,61,98,diya.dangwal@gmail.com,diya1234
320,Aanya,Verma,23,Male,53,60,93,76,94,aanya.verma@gmail.com,aanya1234
321,Diya,Arora,20,Male,75,65,63,56,74,diya.arora@gmail.com,diya1234
322,Aanya,Sharma,22,Male,74,53,93,70,97,aanya.sharma@gmail.com,aanya1234
323,Aisha,Gautam,20,Female,69,74,66,73,71,aisha.gautam@gmail.com,aisha1234
324,Ananya,Gautam,24,Female,60,51,69,66,51,ananya.gautam@gmail.com,ananya1234
325,Ayaan,Dangwal,24,Female,57,93,76,90,99,ayaan.dangwal@gmail.com,ayaan1234
326,Mira,Puniya,21,Female,67,65,81,93,52,mira.puniya@gmail.com,mira1234
327,Ayaan,Sharma,21,Male,85,58,68,99,62,ayaan.sharma@gmail.com,ayaan1234
328,Isha,Arora,22,Male,85,59,86,97,60,isha.arora@gmail.com,isha1234
329,Sia,Dangwal,20,Male,93,71,72,74,93,sia.dangwal@gmail.com,sia1234
330,Diya,Gautam,19,Female,71,67,62,69,65,diya.gautam@gmail.com,diya1234
331,Vihaan,Puniya,18,Male,88,98,71,64,56,vihaan.puniya@gmail.com,vihaan1234
332,Mira,Gautam,22,Female,71,74,77,63,54,mira.gautam@gmail.com,mira1234
333,Navya,Gautam,24,Female,59,61,69,87,69,navya.gautam@gmail.com,navya1234
334,Ayaan,Dangwal,23,Male,70,65,54,64,65,ayaan.dangwal@gmail.com,ayaan1234
335,Aanya,Dangwal,24,Female,68,72,81,62,79,aanya.dangwal@gmail.com,aanya1234
336,Aditya,Arora,18,Female,52,85,93,66,74,aditya.arora@gmail.com,aditya1234
337,Diya,Chakarvarty,24,Male,63,90,85,53,82,diya.chakarvarty@gmail.com,diya1234
338,Ananya,Singh,19,Female,93,66,51,79,65,ananya.singh@gmail.com,ananya1234
339,Aisha,Puniya,22,Female,64,57,81,82,63,aisha.puniya@gmail.com,aisha1234
340,Mira,Gautam,23,Male,72,60,98,69,54,mira.gautam@gmail.com,mira1234
341,Aarohi,Verma,19,Female,99,55,64,65,94,aarohi.verma@gmail.com,aarohi1234
342,Kavya,Verma,19,Female,95,56,74,77,93,kavya.verma@gmail.com,kavya1234
343,Saanvi,Chakarvarty,21,Male,99,53,73,64,67,saanvi.chakarvarty@gmail.com,saanvi1234
344,Arjun,Chakarvarty,24,Female,87,66,79,60,88,arjun.chakarvarty@gmail.com,arjun1234
345,Aisha,Verma,18,Male,60,70,78,90,97,aisha.verma@gmail.com,aisha1234
346,Ananya,Gautam,20,Male,69,86,93,61,52,ananya.gautam@gmail.com,ananya1234
347,Ayaan,Puniya,21,Male,62,58,82,50,66,ayaan.puniya@gmail.com,ayaan1234
348,Sia,Singh,21,Female,66,89,65,59,84,sia.singh@gmail.com,sia1234
349,Reyansh,Kapoor,19,Female,85,86,69,87,89,reyansh.kapoor@gmail.com,reyansh1234
350,Aarohi,Gautam,22,Male,54,99,51,85,81,aarohi.gautam@gmail.com,aarohi1234
351,Mira,Gautam,22,Male,68,53,86,84,86,mira.gautam@gmail.com,mira1234
352,Arjun,Puniya,19,Male,50,97,65,94,56,arjun.puniya@gmail.com,arjun1234
353,Vivaan,Singh,23,Male,89,93,80,86,81,vivaan.singh@gmail.com,vivaan1234
354,Ananya,Puniya,23,Female,58,88,76,77,67,ananya.puniya@gmail.com,ananya1234
355,Vivaan,Sharma,21,Female,83,72,64,82,68,vivaan.sharma@gmail.com,vivaan1234
356,Isha,Sharma,18,Male,85,63,53,58,86,isha.sharma@gmail.com,isha1234
357,Reyansh,Singh,24,Male,92,50,52,70,54,reyansh.singh@gmail.com,reyansh1234
358,Aditya,Arora,20,Female,81,83,75,64,66,aditya.arora@gmail.com,aditya1234
359,Aanya,Gautam,24,Female,56,83,71,92,93,aanya.gautam@gmail.com,aanya1234
360,Aanya,Chakarvarty,23,Male,71,71,96,72,51,aanya.chakarvarty@gmail.com,aanya1234
361,Diya,Puniya,18,Male,89,94,74,78,92,diya.puniya@gmail.com,diya1234
362,Diya,Arora,23,Female,84,96,75,72,89,diya.arora@gmail.com,diya1234
363,Aarohi,Puniya,21,Male,61,94,83,93,66,aarohi.puniya@gmail.com,aarohi1234
364,Isha,Singh,24,Male,56,89,95,84,88,isha.singh@gmail.com,isha1234
365,Isha,Sharma,24,Female,52,66,87,85,91,isha.sharma@gmail.com,isha1234
366,Saanvi,Kapoor,23,Male,57,70,85,90,88,saanvi.kapoor@gmail.com,saanvi1234
367,Aisha,Sharma,18,Male,62,56,79,61,54,aisha.sharma@gmail.com,aisha1234
368,Aarav,Singh,19,Male,99,52,89,64,61,aarav.singh@gmail.com,aarav1234
369,Aditya,Verma,20,Female,73,75,75,82,89,aditya.verma@gmail.com,aditya1234
370,Reyansh,Chakarvarty,21,Male,88,94,69,51,60,reyansh.chakarvarty@gmail.com,reyansh1234
371,Kavya,Dangwal,20,Male,53,89,85,61,77,kavya.dangwal@gmail.com,kavya1234
372,Kavya,Kapoor,21,Female,81,66,86,76,73,kavya.kapoor@gmail.com,kavya1234
373,Navya,Chakarvarty,22,Male,66,99,65,59,87,navya.chakarvarty@gmail.com,navya1234
374,Saanvi,Gautam,18,Female,56,63,70,75,52,saanvi.gautam@gmail.com,saanvi1234
375,Mira,Gautam,23,Male,87,70,63,90,90,mira.gautam@gmail.com,mira1234
376,Kavya,Kapoor,20,Male,74,62,66,97,97,kavya.kapoor@gmail.com,kavya1234
377,Vivaan,Singh,19,Male,74,69,80,52,68,vivaan.singh@gmail.com,vivaan1234
378,Aarohi,Gautam,19,Female,67,61,71,87,78,aarohi.gautam@gmail.com,aarohi1234
379,Aarav,Gautam,22,Male,50,89,69,55,70,aarav.gautam@gmail.com,aarav1234
380,Aarohi,Kapoor,19,Female,96,68,67,55,86,aarohi.kapoor@gmail.com,aarohi1234
381,Ishaan,Dangwal,18,Female,64,88,56,73,81,ishaan.dangwal@gmail.com,ishaan1234
382,Vihaan,Chakarvarty,21,Female,97,68,87,63,77,vihaan.chakarvarty@gmail.com,vihaan1234
383,Ananya,Kapoor,22,Male,78,69,90,69,69,ananya.kapoor@gmail.com,ananya1234
384,Ananya,Singh,18,Male,95,71,55,66,70,ananya.singh@gmail.com,ananya1234
385,Reyansh,Dangwal,24,Male,69,75,68,60,52,reyansh.dangwal@gmail.com,reyansh1234
386,Diya,Kapoor,23,Female,79,65,91,65,56,diya.kapoor@gmail.com,diya1234
387,Vivaan,Verma,19,Female,96,86,79,72,94,vivaan.verma@gmail.com,vivaan1234
388,Ananya,Chakarvarty,19,Male,79,95,62,84,70,ananya.chakarvarty@gmail.com,ananya1234
389,Ananya,Dangwal,24,Male,94,63,56,65,67,ananya.dangwal@gmail.com,ananya1234
390,Aarav,Puniya,22,Female,78,53,98,59,94,aarav.puniya@gmail.com,aarav1234
391,Vihaan,Verma,21,Male,67,57,58,61,58,vihaan.verma@gmail.com,vihaan1234
392,Navya,Verma,21,Female,52,85,92,81,69,navya.verma@gmail.com,navya1234
393,Isha,Puniya,20,Female,96,78,87,99,53,isha.puniya@gmail.com,isha1234
394,Ayaan,Dangwal,22,Male,88,59,72,93,82,ayaan.dangwal@gmail.com,ayaan1234
395,Mira,Puniya,24,Male,76,94,53,81,88,mira.puniya@gmail.com,mira1234
396,Reyansh,Chakarvarty,22,Male,91,99,60,64,93,reyansh.chakarvarty@gmail.com,reyansh1234
397,Arjun,Gautam,21,Female,81,65,77,79,83,arjun.gautam@gmail.com,arjun1234
398,Navya,Chakarvarty,19,Male,97,55,87,98,82,navya.chakarvarty@gmail.com,navya1234
399,Reyansh,Sharma,22,Female,96,83,70,69,92,reyansh.sharma@gmail.com,reyansh1234
400,Kavya,Arora,21,Female,89,94,98,76,98,kavya.arora@gmail.com,kavya1234
401,Aarav,Chakarvarty,20,Female,85,94,58,93,71,aarav.chakarvarty@gmail.com,aarav1234
402,Aarav,Chakarvarty,20,Male,82,51,79,77,75,aarav.chakarvarty@gmail.com,aarav1234
403,Sia,Verma,23,Male,56,78,79,61,71,sia.verma@gmail.com,sia1234
404,Aarav,Kapoor,20,Male,76,57,61,51,65,aarav.kapoor@gmail.com,aarav1234
405,Sia,Arora,20,Female,56,97,94,74,80,sia.arora@gmail.com,sia1234
406,Aisha,Puniya,21,Female,87,97,72,76,63,aisha.puniya@gmail.com,aisha1234
407,Navya,Chakarvarty,22,Female,74,89,60,74,57,navya.chakarvarty@gmail.com,navya1234
408,Vihaan,Gautam,21,Female,74,70,61,71,55,vihaan.gautam@gmail.com,vihaan1234
409,Sia,Kapoor,18,Male,74,62,98,93,61,sia.kapoor@gmail.com,sia1234
410,Vihaan,Chakarvarty,19,Female,60,67,59,73,54,vihaan.chakarvarty@gmail.com,vihaan1234
411,Diya,Dangwal,21,Female,88,56,64,58,60,diya.dangwal@gmail.com,diya1234
412,Vihaan,Arora,22,Female,97,74,99,76,61,vihaan.arora@gmail.com,vihaan1234
413,Aarav,Arora,18,Male,80,70,60,76,82,aarav.arora@gmail.com,aarav1234
414,Saanvi,Chakarvarty,20,Female,59,51,61,84,54,saanvi.chakarvarty@gmail.com,saanvi1234
415,Ananya,Dangwal,23,Female,91,73,94,53,85,ananya.dangwal@gmail.com,ananya1234
416,Aanya,Singh,23,Female,52,90,52,96,88,aanya.singh@gmail.com,aanya1234
417,Ayaan,Gautam,23,Female,72,91,96,84,50,ayaan.gautam@gmail.com,ayaan1234
418,Navya,Dangwal,18,Male,93,82,73,76,69,navya.dangwal@gmail.com,navya1234
419,Vivaan,Gautam,18,Male,53,81,75,52,62,vivaan.gautam@gmail.com,vivaan1234
420,Vivaan,Singh,22,Male,99,88,92,89,58,vivaan.singh@gmail.com,vivaan1234
421,Aditya,Sharma,21,Male,69,81,55,93,52,aditya.sharma@gmail.com,aditya1234
422,Navya,Puniya,19,Female,94,92,74,69,57,navya.puniya@gmail.com,navya1234
423,Aditya,Singh,20,Female,66,51,71,84,97,aditya.singh@gmail.com,aditya1234
424,Aarav,Sharma,24,Female,63,60,68,55,84,aarav.sharma@gmail.com,aarav1234
425,Arjun,Verma,18,Female,52,50,62,80,85,arjun.verma@gmail.com,arjun1234
426,Ayaan,Puniya,22,Female,90,62,89,68,79,ayaan.puniya@gmail.com,ayaan1234
427,Navya,Verma,22,Male,97,70,89,85,96,navya.verma@gmail.com,navya1234
428,Aarohi,Sharma,19,Male,83,66,57,80,64,aarohi.sharma@gmail.com,aarohi1234
429,Aarav,Singh,18,Female,81,72,58,93,55,aarav.singh@gmail.com,aarav1234
430,Karthik,Singh,22,Female,99,73,64,89,85,karthik.singh@gmail.com,karthik1234
431,Arjun,Kapoor,21,Female,69,68,70,60,72,arjun.kapoor@gmail.com,arjun1234
432,Saanvi,Kapoor,21,Male,98,60,84,87,52,saanvi.kapoor@gmail.com,saanvi1234
433,Saanvi,Puniya,20,Female,51,92,71,89,54,saanvi.puniya@gmail.com,saanvi1234
434,Ayaan,Kapoor,21,Female,50,99,63,88,68,ayaan.kapoor@gmail.com,ayaan1234
435,Diya,Verma,22,Female,84,97,80,67,85,diya.verma@gmail.com,diya1234
436,Kavya,Verma,21,Female,99,98,77,79,61,kavya.verma@gmail.com,kavya1234
437,Sia,Verma,24,Male,81,74,51,82,78,sia.verma@gmail.com,sia1234
438,Vihaan,Singh,18,Female,85,92,89,67,60,vihaan.singh@gmail.com,vihaan1234
439,Vihaan,Sharma,24,Male,96,66,56,94,66,vihaan.sharma@gmail.com,vihaan1234
440,Navya,Chakarvarty,24,Female,79,68,61,83,84,navya.chakarvarty@gmail.com,navya1234
441,Aditya,Verma,19,Female,88,99,83,69,92,aditya.verma@gmail.com,aditya1234
442,Ishaan,Puniya,21,Male,92,75,59,93,71,ishaan.puniya@gmail.com,ishaan1234
443,Isha,Dangwal,18,Female,73,99,90,50,66,isha.dangwal@gmail.com,isha1234
444,Ayaan,Sharma,18,Male,81,60,79,88,77,ayaan.sharma@gmail.com,ayaan1234
445,Mira,Sharma,20,Female,56,59,69,75,55,mira.sharma@gmail.com,mira1234
446,Reyansh,Singh,21,Male,65,67,57,66,67,reyansh.singh@gmail.com,reyansh1234
447,Mira,Chakarvarty,24,Male,79,99,50,73,78,mira.chakarvarty@gmail.com,mira1234
448,Mira,Kapoor,21,Female,67,99,94,51,62,mira.kapoor@gmail.com,mira1234
449,Diya,Singh,23,Male,71,95,58,94,62,diya.singh@gmail.com,diya1234
450,Diya,Puniya,19,Male,99,79,50,55,98,diya.puniya@gmail.com,diya1234
451,Saanvi,Sharma,18,Female,90,87,98,57,75,saanvi.sharma@gmail.com,saanvi1234
452,Arjun,Dangwal,18,Female,86,55,69,62,66,arjun.dangwal@gmail.com,arjun1234
453,Aarav,Singh,21,Male,87,84,79,69,55,aarav.singh@gmail.com,aarav1234
454,Aarav,Gautam,23,Male,79,88,67,57,85,aarav.gautam@gmail.com,aarav1234
455,Saanvi,Kapoor,18,Female,66,67,87,99,70,saanvi.kapoor@gmail.com,saanvi1234
456,Ananya,Kapoor,23,Female,85,88,89,88,99,ananya.kapoor@gmail.com,ananya1234
457,Vihaan,Dangwal,18,Female,75,56,88,87,89,vihaan.dangwal@gmail.com,vihaan1234
458,Arjun,Kapoor,19,Male,66,95,92,99,72,arjun.kapoor@gmail.com,arjun1234
459,Ishaan,Singh,24,Male,77,91,98,83,54,ishaan.singh@gmail.com,ishaan1234
460,Ishaan,Singh,23,Male,78,77,61,70,93,ishaan.singh@gmail.com,ishaan1234
461,Karthik,Arora,20,Male,51,54,78,94,56,karthik.arora@gmail.com,karthik1234
462,Arjun,Puniya,23,Female,83,61,76,88,54,arjun.puniya@gmail.com,arjun1234
463,Aanya,Chakarvarty,23,Male,56,71,88,88,93,aanya.chakarvarty@gmail.com,aanya1234
464,Arjun,Verma,22,Female,87,72,50,95,91,arjun.verma@gmail.com,arjun1234
465,Aditya,Verma,22,Male,72,82,81,76,90,aditya.verma@gmail.com,aditya1234
466,Ayaan,Verma,21,Female,76,83,86,82,70,ayaan.verma@gmail.com,ayaan1234
467,Vihaan,Kapoor,23,Male,98,96,56,84,93,vihaan.kapoor@gmail.com,vihaan1234
468,Aarav,Verma,22,Female,65,96,72,61,86,aarav.verma@gmail.com,aarav1234
469,Aanya,Chakarvarty,23,Female,88,77,61,64,87,aanya.chakarvarty@gmail.com,aanya1234
470,Diya,Singh,20,Female,87,94,75,80,50,diya.singh@gmail.com,diya1234
471,Saanvi,Chakarvarty,19,Male,65,81,77,70,93,saanvi.chakarvarty@gmail.com,saanvi1234
472,Aditya,Puniya,24,Female,58,86,78,82,58,aditya.puniya@gmail.com,aditya1234
473,Aanya,Sharma,22,Male,95,50,93,60,86,aanya.sharma@gmail.com,aanya1234
474,Reyansh,Chakarvarty,20,Male,78,76,71,63,70,reyansh.chakarvarty@gmail.com,reyansh1234
475,Aarav,Verma,18,Male,63,80,96,59,76,aarav.verma@gmail.com,aarav1234
476,Saanvi,Singh,20,Male,56,66,86,86,80,saanvi.singh@gmail.com,saanvi1234
477,Reyansh,Verma,22,Female,53,67,85,95,59,reyansh.verma@gmail.com,reyansh1234
478,Kavya,Chakarvarty,19,Female,66,61,51,64,70,kavya.chakarvarty@gmail.com,kavya1234
479,Ishaan,Puniya,23,Male,57,99,87,69,56,ishaan.puniya@gmail.com,ishaan1234
480,Aditya,Singh,20,Male,55,61,60,99,98,aditya.singh@gmail.com,aditya1234
481,Sia,Kapoor,19,Male,91,99,80,63,76,sia.kapoor@gmail.com,sia1234
482,Aarav,Chakarvarty,23,Male,93,80,96,81,82,aarav.chakarvarty@gmail.com,aarav1234
483,Sia,Sharma,21,Female,79,94,63,89,52,sia.sharma@gmail.com,sia1234
484,Arjun,Dangwal,24,Male,96,91,94,97,61,arjun.dangwal@gmail.com,arjun1234
485,Mira,Arora,24,Male,97,96,88,63,79,mira.arora@gmail.com,mira1234
486,Arjun,Gautam,22,Female,60,87,58,53,94,arjun.gautam@gmail.com,arjun1234
487,Aarav,Gautam,20,Male,69,76,92,70,81,aarav.gautam@gmail.com,aarav1234
488,Vihaan,Chakarvarty,20,Female,50,93,54,78,51,vihaan.chakarvarty@gmail.com,vihaan1234
489,Vivaan,Dangwal,22,Female,90,87,93,97,71,vivaan.dangwal@gmail.com,vivaan1234
490,Aditya,Chakarvarty,23,Female,91,72,74,79,64,aditya.chakarvarty@gmail.com,aditya1234
491,Sia,Chakarvarty,19,Male,85,81,60,89,84,sia.chakarvarty@gmail.com,sia1234
492,Karthik,Dangwal,23,Male,81,54,56,66,66,karthik.dangwal@gmail.com,karthik1234
493,Reyansh,Gautam,24,Female,96,65,93,56,58,reyansh.gautam@gmail.com,reyansh1234
494,Diya,Gautam,23,Male,58,52,99,74,63,diya.gautam@gmail.com,diya1234
495,Aisha,Arora,18,Female,83,94,85,99,64,aisha.arora@gmail.com,aisha1234
496,Navya,Arora,18,Male,84,93,85,61,59,navya.arora@gmail.com,navya1234
497,Ananya,Chakarvarty,18,Male,55,88,69,81,95,ananya.chakarvarty@gmail.com,ananya1234
498,Saanvi,Sharma,19,Male,83,83,72,57,71,saanvi.sharma@gmail.com,saanvi1234
499,Ishaan,Arora,19,Male,84,84,91,82,60,ishaan.arora@gmail.com,ishaan1234
500,Kavya,Chakarvarty,20,Male,84,75,87,59,63,kavya.chakarvarty@gmail.com,kavya1234
501,Ayaan,Kapoor,20,Male,72,79,81,84,87,ayaan.kapoor@gmail.com,ayaan1234
502,Aanya,Sharma,19,Male,55,72,84,71,50,aanya.sharma@gmail.com,aanya1234
503,Sia,Arora,22,Female,86,58,52,62,51,sia.arora@gmail.com,sia1234
504,Aarohi,Singh,19,Male,71,59,77,60,60,aarohi.singh@gmail.com,aarohi1234
505,Aanya,Verma,21,Female,55,54,93,61,83,aanya.verma@gmail.com,aanya1234
506,Aarohi,Sharma,21,Female,86,78,73,94,66,aarohi.sharma@gmail.com,aarohi1234
507,Ishaan,Kapoor,23,Male,83,81,85,90,78,ishaan.kapoor@gmail.com,ishaan1234
508,Saanvi,Arora,18,Male,93,69,81,59,61,saanvi.arora@gmail.com,saanvi1234
509,Isha,Sharma,24,Female,94,96,75,95,68,isha.sharma@gmail.com,isha1234
510,Ayaan,Sharma,20,Female,85,72,85,97,81,ayaan.sharma@gmail.com,ayaan1234
511,Karthik,Dangwal,19,Male,67,89,95,50,52,karthik.dangwal@gmail.com,karthik1234
512,Aditya,Sharma,19,Male,99,91,96,92,82,aditya.sharma@gmail.com,aditya1234
513,Aarohi,Sharma,22,Female,64,58,64,81,74,aarohi.sharma@gmail.com,aarohi1234
514,Mira,Chakarvarty,18,Female,70,78,82,89,98,mira.chakarvarty@gmail.com,mira1234
515,Vihaan,Dangwal,19,Male,93,65,80,70,95,vihaan.dangwal@gmail.com,vihaan1234
516,Ayaan,Singh,20,Female,88,51,96,83,73,ayaan.singh@gmail.com,ayaan1234
517,Reyansh,Dangwal,20,Male,61,51,93,60,76,reyansh.dangwal@gmail.com,reyansh1234
518,Kavya,Sharma,20,Female,63,58,98,75,67,kavya.sharma@gmail.com,kavya1234
519,Kavya,Verma,19,Female,61,66,90,75,79,kavya.verma@gmail.com,kavya1234
520,Aarav,Singh,24,Male,73,58,66,85,74,aarav.singh@gmail.com,aarav1234
521,Sia,Dangwal,20,Male,56,58,85,80,59,sia.dangwal@gmail.com,sia1234
522,Saanvi,Singh,19,Female,86,73,95,90,57,saanvi.singh@gmail.com,saanvi1234
523,Aarav,Verma,22,Male,86,56,67,70,70,aarav.verma@gmail.com,aarav1234
524,Aisha,Singh,21,Female,51,57,51,86,86,aisha.singh@gmail.com,aisha1234
525,Aisha,Sharma,23,Female,97,82,63,88,82,aisha.sharma@gmail.com,aisha1234
526,Karthik,Dangwal,23,Male,55,76,76,63,73,karthik.dangwal@gmail.com,karthik1234
527,Ayaan,Verma,21,Female,66,54,55,52,96,ayaan.verma@gmail.com,ayaan1234
528,Ishaan,Arora,19,Female,82,89,75,55,51,ishaan.arora@gmail.com,ishaan1234
529,Vivaan,Chakarvarty,21,Female,79,86,79,69,86,vivaan.chakarvarty@gmail.com,vivaan1234
530,Aarav,Singh,19,Female,82,60,81,56,59,aarav.singh@gmail.com,aarav1234
531,Aarohi,Puniya,21,Female,76,73,89,77,53,aarohi.puniya@gmail.com,aarohi1234
532,Aisha,Gautam,18,Female,76,81,83,59,58,aisha.gautam@gmail.com,aisha1234
533,Reyansh,Sharma,20,Female,60,78,79,82,69,reyansh.sharma@gmail.com,reyansh1234
534,Aditya,Puniya,18,Female,62,51,79,99,81,aditya.puniya@gmail.com,aditya1234
535,Navya,Sharma,22,Male,57,81,96,62,81,navya.sharma@gmail.com,navya1234
536,Aarav,Puniya,21,Female,97,50,86,79,62,aarav.puniya@gmail.com,aarav1234
537,Aditya,Sharma,23,Male,79,95,81,59,79,aditya.sharma@gmail.com,aditya1234
538,Vihaan,Sharma,20,Male,67,75,67,61,99,vihaan.sharma@gmail.com,vihaan1234
539,Aarav,Sharma,24,Male,85,66,53,89,69,aarav.sharma@gmail.com,aarav1234
540,Ananya,Sharma,19,Female,67,97,72,94,57,ananya.sharma@gmail.com,ananya1234
541,Isha,Sharma,23,Female,83,77,65,94,70,isha.sharma@gmail.com,isha1234
542,Aanya,Verma,23,Male,89,71,88,79,90,aanya.verma@gmail.com,aanya1234
543,Aarav,Puniya,23,Female,61,71,88,76,78,aarav.puniya@gmail.com,aarav1234
544,Ananya,Kapoor,18,Male,81,62,60,82,64,ananya.kapoor@gmail.com,ananya1234
545,Karthik,Verma,24,Female,66,72,64,66,69,karthik.verma@gmail.com,karthik1234
546,Kavya,Sharma,22,Female,64,99,83,67,96,kavya.sharma@gmail.com,kavya1234
547,Aditya,Chakarvarty,19,Male,80,98,89,79,82,aditya.chakarvarty@gmail.com,aditya1234
548,Isha,Puniya,24,Female,75,86,74,98,57,isha.puniya@gmail.com,isha1234
549,Ayaan,Puniya,19,Female,64,66,71,57,69,ayaan.puniya@gmail.com,ayaan1234
550,Karthik,Arora,20,Male,69,91,86,89,82,karthik.arora@gmail.com,karthik1234
551,Reyansh,Sharma,24,Female,76,81,79,53,85,reyansh.sharma@gmail.com,reyansh1234
552,Aditya,Gautam,18,Male,55,90,58,86,58,aditya.gautam@gmail.com,aditya1234
553,Navya,Puniya,24,Female,89,69,95,62,82,navya.puniya@gmail.com,navya1234
554,Saanvi,Singh,20,Female,93,85,77,95,87,saanvi.singh@gmail.com,saanvi1234
555,Vivaan,Arora,20,Female,91,87,81,62,75,vivaan.arora@gmail.com,vivaan1234
556,Aanya,Arora,24,Female,65,64,66,57,99,aanya.arora@gmail.com,aanya1234
557,Aarav,Gautam,18,Male,55,66,85,53,68,aarav.gautam@gmail.com,aarav1234
558,Kavya,Verma,23,Female,83,62,60,93,88,kavya.verma@gmail.com,kavya1234
559,Mira,Gautam,24,Female,94,97,83,62,50,mira.gautam@gmail.com,mira1234
560,Aditya,Verma,18,Female,65,87,65,68,60,aditya.verma@gmail.com,aditya1234
561,Aarav,Sharma,22,Male,73,72,62,72,88,aarav.sharma@gmail.com,aarav1234
562,Mira,Kapoor,24,Male,66,62,81,93,83,mira.kapoor@gmail.com,mira1234
563,Vivaan,Arora,21,Male,69,77,99,83,64,vivaan.arora@gmail.com,vivaan1234
564,Vihaan,Verma,24,Male,81,76,76,92,81,vihaan.verma@gmail.com,vihaan1234
565,Aditya,Singh,19,Female,66,84,86,69,73,aditya.singh@gmail.com,aditya1234
566,Vivaan,Chakarvarty,23,Male,77,87,96,73,91,vivaan.chakarvarty@gmail.com,vivaan1234
567,Aarav,Sharma,21,Male,69,56,98,61,54,aarav.sharma@gmail.com,aarav1234
568,Sia,Gautam,18,Male,72,56,72,65,50,sia.gautam@gmail.com,sia1234
569,Karthik,Arora,24,Male,60,83,57,76,86,karthik.arora@gmail.com,karthik1234
570,Aarohi,Arora,23,Male,52,52,68,75,86,aarohi.arora@gmail.com,aarohi1234
571,Aditya,Puniya,21,Female,91,63,84,92,63,aditya.puniya@gmail.com,aditya1234
572,Aarav,Puniya,19,Female,94,86,83,72,88,aarav.puniya@gmail.com,aarav1234
573,Arjun,Puniya,24,Male,80,70,87,87,61,arjun.puniya@gmail.com,arjun1234
574,Sia,Dangwal,21,Male,79,98,94,75,77,sia.dangwal@gmail.com,sia1234
575,Aisha,Sharma,22,Female,94,80,70,60,51,aisha.sharma@gmail.com,aisha1234
576,Saanvi,Gautam,22,Male,54,70,68,76,80,saanvi.gautam@gmail.com,saanvi1234
577,Aisha,Chakarvarty,22,Female,99,88,83,81,60,aisha.chakarvarty@gmail.com,aisha1234
578,Saanvi,Puniya,23,Male,60,96,89,65,78,saanvi.puniya@gmail.com,saanvi1234
579,Kavya,Puniya,19,Male,91,73,80,86,55,kavya.puniya@gmail.com,kavya1234
580,Vivaan,Sharma,24,Female,91,68,79,77,82,vivaan.sharma@gmail.com,vivaan1234
581,Aanya,Verma,23,Female,73,75,99,71,69,aanya.verma@gmail.com,aanya1234
582,Aisha,Gautam,22,Male,67,84,82,60,92,aisha.gautam@gmail.com,aisha1234
583,Aarav,Kapoor,23,Female,62,87,95,81,88,aarav.kapoor@gmail.com,aarav1234
584,Ishaan,Gautam,20,Female,84,59,72,84,93,ishaan.gautam@gmail.com,ishaan1234
585,Arjun,Verma,21,Female,64,97,68,89,65,arjun.verma@gmail.com,arjun1234
586,Aditya,Arora,18,Male,61,79,84,66,52,aditya.arora@gmail.com,aditya1234
587,Diya,Puniya,19,Male,99,62,72,76,68,diya.puniya@gmail.com,diya1234
588,Aanya,Singh,21,Male,95,93,82,55,68,aanya.singh@gmail.com,aanya1234
589,Navya,Dangwal,22,Male,53,53,72,81,74,navya.dangwal@gmail.com,navya1234
590,Reyansh,Gautam,23,Male,73,85,57,51,55,reyansh.gautam@gmail.com,reyansh1234
591,Ishaan,Arora,24,Male,60,51,96,76,60,ishaan.arora@gmail.com,ishaan1234
592,Sia,Dangwal,21,Female,95,83,67,62,91,sia.dangwal@gmail.com,sia1234
593,Karthik,Chakarvarty,24,Female,99,75,77,70,78,karthik.chakarvarty@gmail.com,karthik1234
594,Aarav,Sharma,21,Female,85,96,72,50,55,aarav.sharma@gmail.com,aarav1234
595,Arjun,Sharma,19,Female,85,68,60,83,73,arjun.sharma@gmail.com,arjun1234
596,Vihaan,Sharma,21,Female,51,66,50,80,67,vihaan.sharma@gmail.com,vihaan1234
597,Saanvi,Sharma,18,Female,60,73,98,89,57,saanvi.sharma@gmail.com,saanvi1234
598,Reyansh,Dangwal,21,Female,62,85,86,81,75,reyansh.dangwal@gmail.com,reyansh1234
599,Aisha,Chakarvarty,19,Male,63,86,71,66,52,aisha.chakarvarty@gmail.com,aisha1234
600,Aisha,Dangwal,23,Female,79,57,64,76,87,aisha.dangwal@gmail.com,aisha1234
601,Vihaan,Singh,22,Female,99,88,91,85,74,vihaan.singh@gmail.com,vihaan1234
602,Navya,Kapoor,18,Male,66,84,77,66,74,navya.kapoor@gmail.com,navya1234
603,Sia,Arora,24,Male,94,60,75,51,85,sia.arora@gmail.com,sia1234
604,Aarohi,Kapoor,21,Male,57,75,53,50,61,aarohi.kapoor@gmail.com,aarohi1234
605,Saanvi,Sharma,20,Male,86,63,70,61,73,saanvi.sharma@gmail.com,saanvi1234
606,Sia,Sharma,23,Female,54,95,84,65,73,sia.sharma@gmail.com,sia1234
607,Aarav,Gautam,22,Female,82,69,86,86,96,aarav.gautam@gmail.com,aarav1234
608,Ishaan,Puniya,18,Male,76,71,66,71,61,ishaan.puniya@gmail.com,ishaan1234
609,Arjun,Verma,19,Male,88,81,98,51,78,arjun.verma@gmail.com,arjun1234
610,Sia,Puniya,22,Female,65,96,99,91,76,sia.puniya@gmail.com,sia1234
611,Sia,Gautam,24,Female,87,78,99,78,82,sia.gautam@gmail.com,sia1234
612,Diya,Kapoor,22,Male,68,62,90,62,64,diya.kapoor@gmail.com,diya1234
613,Aisha,Singh,21,Male,84,81,76,64,86,aisha.singh@gmail.com,aisha1234
614,Isha,Dangwal,21,Female,55,86,98,55,55,isha.dangwal@gmail.com,isha1234
615,Arjun,Puniya,24,Male,67,74,62,90,94,arjun.puniya@gmail.com,arjun1234
616,Navya,Kapoor,22,Female,91,96,57,70,85,navya.kapoor@gmail.com,navya1234
617,Aarav,Chakarvarty,18,Male,58,55,69,87,85,aarav.chakarvarty@gmail.com,aarav1234
618,Mira,Gautam,20,Female,83,97,81,58,50,mira.gautam@gmail.com,mira1234
619,Saanvi,Sharma,21,Female,78,66,75,68,92,saanvi.sharma@gmail.com,saanvi1234
620,Karthik,Sharma,23,Female,88,65,90,54,87,karthik.sharma@gmail.com,karthik1234
621,Ayaan,Singh,20,Male,99,73,63,88,76,ayaan.singh@gmail.com,ayaan1234
622,Mira,Dangwal,20,Female,88,51,70,63,95,mira.dangwal@gmail.com,mira1234
623,Saanvi,Singh,24,Male,76,92,84,66,63,saanvi.singh@gmail.com,saanvi1234
624,Diya,Dangwal,22,Female,84,55,88,58,94,diya.dangwal@gmail.com,diya1234
625,Isha,Sharma,20,Female,57,54,86,84,96,isha.sharma@gmail.com,isha1234
626,Ayaan,Dangwal,20,Male,92,68,89,70,84,ayaan.dangwal@gmail.com,ayaan1234
627,Reyansh,Dangwal,20,Male,99,67,61,86,82,reyansh.dangwal@gmail.com,reyansh1234
628,Aarav,Sharma,18,Male,95,55,76,70,99,aarav.sharma@gmail.com,aarav1234
629,Reyansh,Kapoor,21,Female,84,90,63,74,86,reyansh.kapoor@gmail.com,reyansh1234
630,Karthik,Gautam,19,Female,87,66,71,75,74,karthik.gautam@gmail.com,karthik1234
631,Aarohi,Kapoor,24,Female,59,68,67,77,52,aarohi.kapoor@gmail.com,aarohi1234
632,Isha,Dangwal,20,Female,68,62,52,75,66,isha.dangwal@gmail.com,isha1234
633,Diya,Sharma,22,Male,65,72,77,90,70,diya.sharma@gmail.com,diya1234
634,Karthik,Sharma,20,Female,66,81,61,56,73,karthik.sharma@gmail.com,karthik1234
635,Saanvi,Kapoor,20,Male,93,55,87,96,55,saanvi.kapoor@gmail.com,saanvi1234
636,Reyansh,Verma,24,Female,64,82,53,76,77,reyansh.verma@gmail.com,reyansh1234
637,Aarav,Arora,21,Female,97,69,95,93,76,aarav.arora@gmail.com,aarav1234
638,Vivaan,Sharma,18,Male,54,70,84,58,96,vivaan.sharma@gmail.com,vivaan1234
639,Karthik,Verma,24,Female,79,58,78,58,78,karthik.verma@gmail.com,karthik1234
640,Navya,Singh,18,Female,97,81,85,50,96,navya.singh@gmail.com,navya1234
641,Isha,Puniya,20,Male,61,54,69,65,96,isha.puniya@gmail.com,isha1234
642,Aarav,Kapoor,18,Female,78,78,90,73,60,aarav.kapoor@gmail.com,aarav1234
643,Sia,Verma,22,Male,80,65,69,97,58,sia.verma@gmail.com,sia1234
644,Isha,Gautam,23,Male,51,72,87,56,62,isha.gautam@gmail.com,isha1234
645,Aanya,Dangwal,20,Female,88,56,65,84,82,aanya.dangwal@gmail.com,aanya1234
646,Sia,Singh,21,Female,90,76,69,90,80,sia.singh@gmail.com,sia1234
647,Vihaan,Gautam,21,Male,52,52,55,78,96,vihaan.gautam@gmail.com,vihaan1234
648,Ananya,Gautam,19,Female,92,89,66,51,87,ananya.gautam@gmail.com,ananya1234
649,Isha,Sharma,24,Male,79,63,66,54,99,isha.sharma@gmail.com,isha1234
650,Isha,Gautam,23,Female,82,56,85,72,73,isha.gautam@gmail.com,isha1234
651,Aanya,Arora,24,Male,83,79,84,64,76,aanya.arora@gmail.com,aanya1234
652,Aarohi,Sharma,22,Male,72,88,54,53,65,aarohi.sharma@gmail.com,aarohi1234
653,Reyansh,Kapoor,22,Male,71,50,75,83,78,reyansh.kapoor@gmail.com,reyansh1234
654,Ishaan,Kapoor,24,Female,96,90,53,57,54,ishaan.kapoor@gmail.com,ishaan1234
655,Aarohi,Arora,21,Male,53,72,82,91,55,aarohi.arora@gmail.com,aarohi1234
656,Ishaan,Kapoor,23,Male,79,95,80,77,63,ishaan.kapoor@gmail.com,ishaan1234
657,Aarav,Puniya,19,Female,95,83,50,60,62,aarav.puniya@gmail.com,aarav1234
658,Saanvi,Chakarvarty,22,Male,94,93,64,87,82,saanvi.chakarvarty@gmail.com,saanvi1234
659,Aarav,Singh,18,Female,84,73,88,77,83,aarav.singh@gmail.com,aarav1234
660,Kavya,Chakarvarty,20,Male,95,86,65,77,88,kavya.chakarvarty@gmail.com,kavya1234
661,Aanya,Singh,21,Male,80,86,86,87,56,aanya.singh@gmail.com,aanya1234
662,Aisha,Chakarvarty,20,Male,65,76,68,99,62,aisha.chakarvarty@gmail.com,aisha1234
663,Arjun,Arora,23,Female,67,78,57,91,86,arjun.arora@gmail.com,arjun1234
664,Kavya,Dangwal,23,Female,74,77,70,81,91,kavya.dangwal@gmail.com,kavya1234
665,Isha,Arora,22,Male,70,57,88,73,69,isha.arora@gmail.com,isha1234
666,Ishaan,Dangwal,18,Male,91,69,74,58,89,ishaan.dangwal@gmail.com,ishaan1234
667,Aarav,Verma,22,Female,90,88,65,55,76,aarav.verma@gmail.com,aarav1234
668,Sia,Kapoor,20,Male,68,71,91,75,89,sia.kapoor@gmail.com,sia1234
669,Sia,Puniya,21,Female,63,89,88,60,79,sia.puniya@gmail.com,sia1234
670,Saanvi,Puniya,18,Male,76,93,63,94,74,saanvi.puniya@gmail.com,saanvi1234
671,Diya,Arora,21,Male,82,90,55,57,78,diya.arora@gmail.com,diya1234
672,Aarav,Chakarvarty,22,Male,89,61,90,80,66,aarav.chakarvarty@gmail.com,aarav1234
673,Vihaan,Singh,19,Female,83,93,75,92,57,vihaan.singh@gmail.com,vihaan1234
674,Ayaan,Verma,24,Female,87,81,75,53,71,ayaan.verma@gmail.com,ayaan1234
675,Vihaan,Sharma,23,Male,73,86,51,57,78,vihaan.sharma@gmail.com,vihaan1234
676,Navya,Sharma,19,Male,69,90,97,85,81,navya.sharma@gmail.com,navya1234
677,Navya,Arora,19,Female,82,62,55,95,89,navya.arora@gmail.com,navya1234
678,Vihaan,Chakarvarty,21,Female,87,99,89,61,69,vihaan.chakarvarty@gmail.com,vihaan1234
679,Ananya,Singh,19,Female,67,98,91,51,53,ananya.singh@gmail.com,ananya1234
680,Aarav,Singh,22,Female,79,84,53,84,63,aarav.singh@gmail.com,aarav1234
681,Karthik,Arora,21,Male,69,68,84,53,56,karthik.arora@gmail.com,karthik1234
682,Aditya,Arora,18,Female,80,85,94,83,72,aditya.arora@gmail.com,aditya1234
683,Aarav,Sharma,18,Female,96,64,67,95,88,aarav.sharma@gmail.com,aarav1234
684,Aisha,Verma,22,Female,68,60,86,84,64,aisha.verma@gmail.com,aisha1234
685,Aisha,Arora,24,Male,75,68,90,91,89,aisha.arora@gmail.com,aisha1234
686,Ishaan,Arora,23,Female,71,71,60,88,83,ishaan.arora@gmail.com,ishaan1234
687,Arjun,Arora,23,Male,96,90,64,51,93,arjun.arora@gmail.com,arjun1234
688,Aarohi,Sharma,24,Male,67,78,93,58,68,aarohi.sharma@gmail.com,aarohi1234
689,Reyansh,Kapoor,19,Male,52,96,63,62,86,reyansh.kapoor@gmail.com,reyansh1234
690,Isha,Gautam,23,Male,68,70,61,63,68,isha.gautam@gmail.com,isha1234
691,Karthik,Chakarvarty,24,Male,78,83,97,95,78,karthik.chakarvarty@gmail.com,karthik1234
692,Karthik,Dangwal,21,Female,50,94,92,82,52,karthik.dangwal@gmail.com,karthik1234
693,Ananya,Dangwal,24,Female,54,75,91,60,94,ananya.dangwal@gmail.com,ananya1234
694,Ayaan,Arora,19,Female,74,53,91,50,61,ayaan.arora@gmail.com,ayaan1234
695,Vivaan,Verma,22,Female,97,88,81,87,56,vivaan.verma@gmail.com,vivaan1234
696,Mira,Dangwal,18,Male,92,87,55,96,70,mira.dangwal@gmail.com,mira1234
697,Aarav,Dangwal,20,Female,56,88,51,60,91,aarav.dangwal@gmail.com,aarav1234
698,Aarohi,Verma,24,Female,94,62,59,73,81,aarohi.verma@gmail.com,aarohi1234
699,Aisha,Puniya,20,Male,77,61,73,60,62,aisha.puniya@gmail.com,aisha1234
700,Aarav,Singh,24,Male,57,53,55,80,96,aarav.singh@gmail.com,aarav1234
701,Navya,Sharma,24,Female,98,52,96,82,82,navya.sharma@gmail.com,navya1234
702,Aisha,Dangwal,21,Male,94,69,75,52,64,aisha.dangwal@gmail.com,aisha1234
703,Navya,Puniya,21,Female,54,79,77,84,56,navya.puniya@gmail.com,navya1234
704,Vihaan,Singh,22,Male,86,98,76,90,90,vihaan.singh@gmail.com,vihaan1234
705,Reyansh,Dangwal,21,Female,56,53,82,96,55,reyansh.dangwal@gmail.com,reyansh1234
706,Reyansh,Singh,23,Female,63,84,97,97,85,reyansh.singh@gmail.com,reyansh1234
707,Diya,Verma,19,Male,87,81,93,76,76,diya.verma@gmail.com,diya1234
708,Reyansh,Dangwal,19,Male,83,95,86,58,67,reyansh.dangwal@gmail.com,reyansh1234
709,Diya,Gautam,21,Male,77,66,66,98,60,diya.gautam@gmail.com,diya1234
710,Aanya,Verma,23,Male,65,87,61,83,65,aanya.verma@gmail.com,aanya1234
711,Mira,Verma,22,Male,94,55,66,82,78,mira.verma@gmail.com,mira1234
712,Aanya,Arora,23,Female,53,68,78,99,91,aanya.arora@gmail.com,aanya1234
713,Kavya,Arora,24,Male,76,77,97,72,63,kavya.arora@gmail.com,kavya1234
714,Kavya,Puniya,19,Female,97,83,67,99,67,kavya.puniya@gmail.com,kavya1234
715,Isha,Kapoor,19,Male,50,78,74,60,79,isha.kapoor@gmail.com,isha1234
716,Mira,Kapoor,23,Male,78,62,93,50,54,mira.kapoor@gmail.com,mira1234
717,Aarav,Puniya,22,Female,56,91,99,90,88,aarav.puniya@gmail.com,aarav1234
718,Karthik,Arora,19,Female,63,82,78,87,63,karthik.arora@gmail.com,karthik1234
719,Aisha,Arora,20,Female,60,69,80,73,61,aisha.arora@gmail.com,aisha1234
720,Arjun,Chakarvarty,21,Male,75,86,51,83,82,arjun.chakarvarty@gmail.com,arjun1234
721,Navya,Verma,22,Female,85,63,98,94,57,navya.verma@gmail.com,navya1234
722,Ayaan,Puniya,20,Male,59,87,53,55,85,ayaan.puniya@gmail.com,ayaan1234
723,Isha,Puniya,19,Female,53,75,69,66,84,isha.puniya@gmail.com,isha1234
724,Aarohi,Chakarvarty,23,Female,71,99,70,60,52,aarohi.chakarvarty@gmail.com,aarohi1234
725,Diya,Verma,21,Female,70,90,50,59,59,diya.verma@gmail.com,diya1234
726,Mira,Verma,19,Female,97,53,69,55,54,mira.verma@gmail.com,mira1234
727,Aanya,Arora,24,Female,86,83,90,93,88,aanya.arora@gmail.com,aanya1234
728,Mira,Chakarvarty,19,Male,92,89,84,92,94,mira.chakarvarty@gmail.com,mira1234
729,Karthik,Dangwal,18,Female,82,65,77,71,98,karthik.dangwal@gmail.com,karthik1234
730,Ishaan,Arora,20,Male,77,93,79,71,75,ishaan.arora@gmail.com,ishaan1234
731,Isha,Singh,18,Female,58,66,51,97,53,isha.singh@gmail.com,isha1234
732,Kavya,Puniya,22,Female,76,63,52,99,80,kavya.puniya@gmail.com,kavya1234
733,Kavya,Kapoor,22,Male,76,95,86,86,63,kavya.kapoor@gmail.com,kavya1234
734,Aisha,Chakarvarty,19,Female,92,80,90,88,93,aisha.chakarvarty@gmail.com,aisha1234
735,Kavya,Dangwal,23,Male,89,65,91,74,60,kavya.dangwal@gmail.com,kavya1234
736,Arjun,Sharma,23,Female,97,57,69,95,80,arjun.sharma@gmail.com,arjun1234
737,Ayaan,Dangwal,18,Female,84,85,97,84,97,ayaan.dangwal@gmail.com,ayaan1234
738,Aarav,Gautam,23,Male,72,86,91,60,93,aarav.gautam@gmail.com,aarav1234
739,Diya,Sharma,21,Female,51,50,81,60,98,diya.sharma@gmail.com,diya1234
740,Arjun,Verma,18,Female,87,95,87,56,69,arjun.verma@gmail.com,arjun1234
741,Vivaan,Kapoor,19,Female,57,88,56,51,63,vivaan.kapoor@gmail.com,vivaan1234
742,Ishaan,Singh,24,Male,87,91,66,95,50,ishaan.singh@gmail.com,ishaan1234
743,Sia,Singh,23,Male,64,51,79,71,81,sia.singh@gmail.com,sia1234
744,Aarav,Singh,19,Male,84,60,96,86,74,aarav.singh@gmail.com,aarav1234
745,Arjun,Verma,22,Male,50,75,56,77,67,arjun.verma@gmail.com,arjun1234
746,Isha,Kapoor,19,Male,72,73,99,57,96,isha.kapoor@gmail.com,isha1234
747,Isha,Gautam,19,Female,84,53,97,62,62,isha.gautam@gmail.com,isha1234
748,Ayaan,Puniya,18,Female,57,63,63,60,58,ayaan.puniya@gmail.com,ayaan1234
749,Aditya,Sharma,19,Female,96,61,65,60,94,aditya.sharma@gmail.com,aditya1234
750,Mira,Gautam,24,Male,99,54,79,85,97,mira.gautam@gmail.com,mira1234
751,Vivaan,Verma,20,Male,98,59,77,95,79,vivaan.verma@gmail.com,vivaan1234
752,Vivaan,Gautam,21,Male,58,72,99,50,87,vivaan.gautam@gmail.com,vivaan1234
753,Vivaan,Chakarvarty,23,Female,53,50,89,86,89,vivaan.chakarvarty@gmail.com,vivaan1234
754,Karthik,Singh,21,Female,81,85,70,57,93,karthik.singh@gmail.com,karthik1234
755,Aarav,Kapoor,22,Male,82,72,53,81,70,aarav.kapoor@gmail.com,aarav1234
756,Aanya,Verma,19,Male,74,74,94,87,62,aanya.verma@gmail.com,aanya1234
757,Sia,Kapoor,20,Female,68,95,83,53,74,sia.kapoor@gmail.com,sia1234
758,Vivaan,Gautam,20,Female,72,54,71,71,51,vivaan.gautam@gmail.com,vivaan1234
759,Aarohi,Puniya,24,Female,58,94,79,53,97,aarohi.puniya@gmail.com,aarohi1234
760,Ishaan,Sharma,20,Male,73,82,75,88,71,ishaan.sharma@gmail.com,ishaan1234
761,Sia,Chakarvarty,20,Female,64,76,69,88,88,sia.chakarvarty@gmail.com,sia1234
762,Ishaan,Singh,19,Male,85,58,84,75,63,ishaan.singh@gmail.com,ishaan1234
763,Aditya,Verma,19,Female,71,89,62,99,88,aditya.verma@gmail.com,aditya1234
764,Kavya,Chakarvarty,19,Male,90,63,66,80,66,kavya.chakarvarty@gmail.com,kavya1234
765,Vihaan,Chakarvarty,20,Female,62,77,97,91,95,vihaan.chakarvarty@gmail.com,vihaan1234
766,Aarav,Chakarvarty,21,Male,55,90,84,64,89,aarav.chakarvarty@gmail.com,aarav1234
767,Vihaan,Sharma,21,Male,94,56,73,72,51,vihaan.sharma@gmail.com,vihaan1234
768,Aisha,Dangwal,23,Male,90,63,90,83,70,aisha.dangwal@gmail.com,aisha1234
769,Karthik,Singh,24,Male,67,71,76,98,99,karthik.singh@gmail.com,karthik1234
770,Aarohi,Arora,24,Female,67,74,91,85,97,aarohi.arora@gmail.com,aarohi1234
771,Aanya,Verma,23,Female,95,89,77,61,80,aanya.verma@gmail.com,aanya1234
772,Sia,Kapoor,20,Female,76,62,80,88,94,sia.kapoor@gmail.com,sia1234
773,Diya,Gautam,22,Female,71,57,64,90,55,diya.gautam@gmail.com,diya1234
774,Ananya,Puniya,18,Female,75,53,75,72,93,ananya.puniya@gmail.com,ananya1234
775,Aarav,Sharma,22,Female,96,85,60,57,98,aarav.sharma@gmail.com,aarav1234
776,Vivaan,Chakarvarty,23,Male,56,97,68,62,95,vivaan.chakarvarty@gmail.com,vivaan1234
777,Vihaan,Chakarvarty,24,Male,92,84,99,50,92,vihaan.chakarvarty@gmail.com,vihaan1234
778,Ananya,Sharma,23,Male,79,78,59,74,67,ananya.sharma@gmail.com,ananya1234
779,Aditya,Puniya,24,Male,96,94,94,53,91,aditya.puniya@gmail.com,aditya1234
780,Aditya,Dangwal,24,Female,93,94,97,75,57,aditya.dangwal@gmail.com,aditya1234
781,Aarav,Chakarvarty,23,Male,88,88,95,89,85,aarav.chakarvarty@gmail.com,aarav1234
782,Aisha,Gautam,18,Male,55,56,88,98,57,aisha.gautam@gmail.com,aisha1234
783,Kavya,Dangwal,19,Male,97,96,55,89,86,kavya.dangwal@gmail.com,kavya1234
784,Karthik,Sharma,22,Female,58,56,60,67,92,karthik.sharma@gmail.com,karthik1234
785,Vihaan,Arora,24,Female,53,73,83,79,95,vihaan.arora@gmail.com,vihaan1234
786,Vivaan,Puniya,23,Female,83,82,61,56,94,vivaan.puniya@gmail.com,vivaan1234
787,Ananya,Verma,24,Male,85,65,86,69,94,ananya.verma@gmail.com,ananya1234
788,Aisha,Chakarvarty,23,Female,97,64,60,92,69,aisha.chakarvarty@gmail.com,aisha1234
789,Ishaan,Kapoor,21,Female,83,64,78,68,89,ishaan.kapoor@gmail.com,ishaan1234
790,Vivaan,Sharma,24,Female,70,98,51,67,85,vivaan.sharma@gmail.com,vivaan1234
791,Arjun,Gautam,22,Male,80,92,97,61,59,arjun.gautam@gmail.com,arjun1234
792,Arjun,Sharma,24,Female,66,56,99,81,63,arjun.sharma@gmail.com,arjun1234
793,Aisha,Arora,22,Female,71,50,99,59,90,aisha.arora@gmail.com,aisha1234
794,Mira,Chakarvarty,20,Female,76,88,64,80,82,mira.chakarvarty@gmail.com,mira1234
795,Aanya,Sharma,20,Female,91,84,70,55,55,aanya.sharma@gmail.com,aanya1234
796,Aarav,Gautam,18,Female,67,79,50,61,58,aarav.gautam@gmail.com,aarav1234
797,Isha,Singh,20,Male,59,92,52,56,53,isha.singh@gmail.com,isha1234
798,Saanvi,Kapoor,20,Female,64,73,77,58,62,saanvi.kapoor@gmail.com,saanvi1234
799,Arjun,Dangwal,24,Female,98,51,93,78,93,arjun.dangwal@gmail.com,arjun1234
800,Aarohi,Verma,18,Male,84,92,89,57,59,aarohi.verma@gmail.com,aarohi1234
801,Aarohi,Arora,19,Female,78,66,60,99,57,aarohi.arora@gmail.com,aarohi1234
802,Isha,Puniya,23,Female,64,85,93,85,59,isha.puniya@gmail.com,isha1234
803,Isha,Dangwal,24,Female,56,85,56,54,85,isha.dangwal@gmail.com,isha1234
804,Ananya,Gautam,20,Female,79,78,64,82,50,ananya.gautam@gmail.com,ananya1234
805,Isha,Arora,18,Female,59,84,73,70,85,isha.arora@gmail.com,isha1234
806,Vihaan,Kapoor,20,Female,87,91,71,62,95,vihaan.kapoor@gmail.com,vihaan1234
807,Vihaan,Puniya,23,Male,72,87,94,70,73,vihaan.puniya@gmail.com,vihaan1234
808,Ishaan,Arora,24,Male,69,82,62,99,77,ishaan.arora@gmail.com,ishaan1234
809,Aarav,Sharma,21,Female,52,96,85,67,71,aarav.sharma@gmail.com,aarav1234
810,Mira,Dangwal,23,Female,51,80,60,55,74,mira.dangwal@gmail.com,mira1234
811,Isha,Puniya,20,Male,99,57,50,66,94,isha.puniya@gmail.com,isha1234
812,Mira,Singh,23,Male,86,83,64,78,57,mira.singh@gmail.com,mira1234
813,Navya,Puniya,19,Male,94,66,61,88,55,navya.puniya@gmail.com,navya1234
814,Navya,Verma,24,Female,91,53,90,94,77,navya.verma@gmail.com,navya1234
815,Aditya,Kapoor,23,Female,65,76,68,53,58,aditya.kapoor@gmail.com,aditya1234
816,Karthik,Singh,24,Male,55,82,67,90,98,karthik.singh@gmail.com,karthik1234
817,Aditya,Singh,24,Female,71,65,53,67,58,aditya.singh@gmail.com,aditya1234
818,Vihaan,Puniya,21,Male,72,67,62,90,63,vihaan.puniya@gmail.com,vihaan1234
819,Diya,Puniya,20,Male,98,67,69,61,96,diya.puniya@gmail.com,diya1234
820,Ayaan,Dangwal,19,Male,99,88,55,52,58,ayaan.dangwal@gmail.com,ayaan1234
821,Navya,Arora,21,Male,72,69,90,52,62,navya.arora@gmail.com,navya1234
822,Arjun,Singh,21,Male,68,82,83,92,70,arjun.singh@gmail.com,arjun1234
823,Ishaan,Arora,18,Male,52,72,74,61,98,ishaan.arora@gmail.com,ishaan1234
824,Arjun,Gautam,22,Female,79,84,76,83,90,arjun.gautam@gmail.com,arjun1234
825,Ayaan,Kapoor,18,Female,87,54,81,81,58,ayaan.kapoor@gmail.com,ayaan1234
826,Aisha,Kapoor,24,Female,78,93,56,76,61,aisha.kapoor@gmail.com,aisha1234
827,Aarav,Sharma,22,Male,84,83,87,69,91,aarav.sharma@gmail.com,aarav1234
828,Ishaan,Singh,24,Male,52,69,83,82,67,ishaan.singh@gmail.com,ishaan1234
829,Vihaan,Sharma,24,Female,63,69,75,60,58,vihaan.sharma@gmail.com,vihaan1234
830,Navya,Verma,24,Male,80,52,75,79,51,navya.verma@gmail.com,navya1234
831,Mira,Gautam,24,Male,97,93,79,85,99,mira.gautam@gmail.com,mira1234
832,Arjun,Singh,21,Male,80,66,63,53,70,arjun.singh@gmail.com,arjun1234
833,Aarav,Verma,22,Female,66,68,73,60,61,aarav.verma@gmail.com,aarav1234
834,Saanvi,Chakarvarty,21,Male,67,92,96,83,98,saanvi.chakarvarty@gmail.com,saanvi1234
835,Arjun,Chakarvarty,22,Female,69,50,76,63,93,arjun.chakarvarty@gmail.com,arjun1234
836,Aisha,Singh,18,Male,75,75,58,78,86,aisha.singh@gmail.com,aisha1234
837,Aisha,Dangwal,21,Male,81,73,97,95,96,aisha.dangwal@gmail.com,aisha1234
838,Ayaan,Verma,24,Male,85,74,63,52,62,ayaan.verma@gmail.com,ayaan1234
839,Aarav,Arora,20,Male,99,85,73,66,98,aarav.arora@gmail.com,aarav1234
840,Mira,Arora,24,Female,98,90,86,84,64,mira.arora@gmail.com,mira1234
841,Ishaan,Chakarvarty,19,Female,68,60,60,81,88,ishaan.chakarvarty@gmail.com,ishaan1234
842,Ananya,Puniya,19,Female,56,97,86,80,76,ananya.puniya@gmail.com,ananya1234
843,Arjun,Singh,21,Male,63,64,51,82,93,arjun.singh@gmail.com,arjun1234
844,Kavya,Kapoor,23,Female,91,64,95,54,73,kavya.kapoor@gmail.com,kavya1234
845,Diya,Dangwal,22,Male,66,86,96,62,94,diya.dangwal@gmail.com,diya1234
846,Aditya,Verma,22,Female,64,92,53,85,93,aditya.verma@gmail.com,aditya1234
847,Vihaan,Arora,20,Female,50,98,91,80,77,vihaan.arora@gmail.com,vihaan1234
848,Aarav,Dangwal,19,Female,90,95,96,67,85,aarav.dangwal@gmail.com,aarav1234
849,Vivaan,Arora,23,Male,67,66,75,59,74,vivaan.arora@gmail.com,vivaan1234
850,Ayaan,Gautam,22,Female,64,98,82,76,87,ayaan.gautam@gmail.com,ayaan1234
851,Aditya,Puniya,24,Female,91,93,67,97,51,aditya.puniya@gmail.com,aditya1234
852,Navya,Chakarvarty,20,Female,94,53,74,78,85,navya.chakarvarty@gmail.com,navya1234
853,Reyansh,Arora,23,Male,53,86,93,86,93,reyansh.arora@gmail.com,reyansh1234
854,Reyansh,Arora,20,Male,65,77,60,65,56,reyansh.arora@gmail.com,reyansh1234
855,Aisha,Chakarvarty,18,Female,64,75,79,80,97,aisha.chakarvarty@gmail.com,aisha1234
856,Mira,Kapoor,19,Female,68,50,69,56,62,mira.kapoor@gmail.com,mira1234
857,Vihaan,Puniya,20,Male,79,88,74,96,62,vihaan.puniya@gmail.com,vihaan1234
858,Aarav,Gautam,24,Male,68,57,90,55,86,aarav.gautam@gmail.com,aarav1234
859,Saanvi,Singh,21,Male,64,52,95,50,83,saanvi.singh@gmail.com,saanvi1234
860,Aisha,Kapoor,24,Female,93,67,80,72,80,aisha.kapoor@gmail.com,aisha1234
861,Isha,Puniya,20,Female,60,54,54,74,58,isha.puniya@gmail.com,isha1234
862,Saanvi,Puniya,23,Female,60,56,54,74,77,saanvi.puniya@gmail.com,saanvi1234
863,Arjun,Puniya,21,Female,99,68,87,94,88,arjun.puniya@gmail.com,arjun1234
864,Vihaan,Chakarvarty,18,Female,71,53,55,80,92,vihaan.chakarvarty@gmail.com,vihaan1234
865,Navya,Dangwal,22,Female,55,52,83,78,96,navya.dangwal@gmail.com,navya1234
866,Karthik,Singh,20,Female,75,52,90,75,56,karthik.singh@gmail.com,karthik1234
867,Reyansh,Kapoor,18,Female,83,50,87,55,92,reyansh.kapoor@gmail.com,reyansh1234
868,Aditya,Kapoor,19,Male,74,60,92,54,89,aditya.kapoor@gmail.com,aditya1234
869,Ishaan,Kapoor,19,Female,66,83,50,89,60,ishaan.kapoor@gmail.com,ishaan1234
870,Isha,Chakarvarty,22,Female,82,86,86,85,59,isha.chakarvarty@gmail.com,isha1234
871,Saanvi,Verma,18,Male,62,51,50,57,64,saanvi.verma@gmail.com,saanvi1234
872,Ishaan,Singh,22,Male,95,75,50,79,99,ishaan.singh@gmail.com,ishaan1234
873,Arjun,Singh,21,Male,59,91,66,81,59,arjun.singh@gmail.com,arjun1234
874,Ishaan,Puniya,24,Female,86,65,77,81,64,ishaan.puniya@gmail.com,ishaan1234
875,Ayaan,Kapoor,24,Female,58,88,85,80,82,ayaan.kapoor@gmail.com,ayaan1234
876,Reyansh,Singh,23,Male,61,90,94,93,96,reyansh.singh@gmail.com,reyansh1234
877,Ananya,Sharma,24,Male,55,74,60,92,66,ananya.sharma@gmail.com,ananya1234
878,Aarav,Dangwal,22,Male,70,50,97,69,79,aarav.dangwal@gmail.com,aarav1234
879,Kavya,Puniya,24,Female,84,97,70,97,73,kavya.puniya@gmail.com,kavya1234
880,Vihaan,Kapoor,20,Female,96,68,70,77,84,vihaan.kapoor@gmail.com,vihaan1234
881,Kavya,Puniya,18,Female,98,73,50,53,65,kavya.puniya@gmail.com,kavya1234
882,Sia,Chakarvarty,20,Female,83,74,61,72,58,sia.chakarvarty@gmail.com,sia1234
883,Diya,Dangwal,21,Male,73,52,98,86,56,diya.dangwal@gmail.com,diya1234
884,Vivaan,Verma,23,Female,79,82,86,85,71,vivaan.verma@gmail.com,vivaan1234
885,Aarav,Arora,18,Female,58,90,87,90,89,aarav.arora@gmail.com,aarav1234
886,Vivaan,Verma,20,Male,73,97,98,92,70,vivaan.verma@gmail.com,vivaan1234
887,Aditya,Verma,22,Male,97,64,75,77,93,aditya.verma@gmail.com,aditya1234
888,Ananya,Sharma,23,Female,71,54,96,60,59,ananya.sharma@gmail.com,ananya1234
889,Saanvi,Puniya,21,Male,57,79,55,91,96,saanvi.puniya@gmail.com,saanvi1234
890,Ishaan,Singh,19,Male,52,56,80,94,76,ishaan.singh@gmail.com,ishaan1234
891,Aarav,Singh,19,Female,69,94,86,77,50,aarav.singh@gmail.com,aarav1234
892,Aarohi,Sharma,22,Male,98,91,62,72,85,aarohi.sharma@gmail.com,aarohi1234
893,Aarav,Singh,19,Male,94,55,61,62,97,aarav.singh@gmail.com,aarav1234
894,Isha,Gautam,24,Male,51,85,74,69,73,isha.gautam@gmail.com,isha1234
895,Vivaan,Chakarvarty,20,Male,98,53,88,52,74,vivaan.chakarvarty@gmail.com,vivaan1234
896,Navya,Kapoor,20,Male,65,72,71,93,99,navya.kapoor@gmail.com,navya1234
897,Aisha,Gautam,18,Male,89,98,69,75,59,aisha.gautam@gmail.com,aisha1234
898,Aisha,Dangwal,24,Female,67,55,92,84,99,aisha.dangwal@gmail.com,aisha1234
899,Ishaan,Verma,19,Male,87,58,58,69,64,ishaan.verma@gmail.com,ishaan1234
900,Mira,Sharma,18,Male,53,98,88,78,93,mira.sharma@gmail.com,mira1234
901,Navya,Puniya,18,Male,79,97,61,84,87,navya.puniya@gmail.com,navya1234
902,Kavya,Gautam,24,Female,56,70,65,76,63,kavya.gautam@gmail.com,kavya1234
903,Kavya,Arora,19,Male,56,80,68,94,70,kavya.arora@gmail.com,kavya1234
904,Diya,Arora,20,Female,91,73,60,70,91,diya.arora@gmail.com,diya1234
905,Ayaan,Arora,22,Female,72,72,57,67,95,ayaan.arora@gmail.com,ayaan1234
906,Vihaan,Verma,22,Male,78,56,99,95,75,vihaan.verma@gmail.com,vihaan1234
907,Isha,Verma,23,Male,98,65,81,60,58,isha.verma@gmail.com,isha1234
908,Kavya,Kapoor,20,Female,96,80,70,99,61,kavya.kapoor@gmail.com,kavya1234
909,Arjun,Singh,22,Male,80,92,83,58,92,arjun.singh@gmail.com,arjun1234
910,Aarav,Verma,22,Female,94,92,77,65,83,aarav.verma@gmail.com,aarav1234
911,Vivaan,Kapoor,23,Female,67,63,99,50,81,vivaan.kapoor@gmail.com,vivaan1234
912,Navya,Gautam,22,Male,87,69,75,67,63,navya.gautam@gmail.com,navya1234
913,Ananya,Verma,23,Male,92,61,90,94,55,ananya.verma@gmail.com,ananya1234
914,Aanya,Sharma,23,Female,92,81,60,81,76,aanya.sharma@gmail.com,aanya1234
915,Isha,Arora,23,Male,85,74,86,89,66,isha.arora@gmail.com,isha1234
916,Vihaan,Puniya,21,Female,79,81,75,72,96,vihaan.puniya@gmail.com,vihaan1234
917,Vihaan,Verma,21,Female,61,86,74,56,73,vihaan.verma@gmail.com,vihaan1234
918,Aanya,Verma,23,Male,61,87,95,99,72,aanya.verma@gmail.com,aanya1234
919,Ishaan,Arora,19,Female,92,53,67,87,63,ishaan.arora@gmail.com,ishaan1234
920,Reyansh,Verma,19,Male,72,64,85,85,79,reyansh.verma@gmail.com,reyansh1234
921,Aditya,Dangwal,22,Male,81,98,56,81,90,aditya.dangwal@gmail.com,aditya1234
922,Diya,Sharma,22,Female,84,73,69,82,92,diya.sharma@gmail.com,diya1234
923,Vihaan,Sharma,23,Female,63,75,52,72,51,vihaan.sharma@gmail.com,vihaan1234
924,Ayaan,Puniya,18,Female,55,74,79,78,61,ayaan.puniya@gmail.com,ayaan1234
925,Aarohi,Chakarvarty,21,Female,71,87,56,65,59,aarohi.chakarvarty@gmail.com,aarohi1234
926,Isha,Puniya,22,Female,67,97,73,84,84,isha.puniya@gmail.com,isha1234
927,Ananya,Chakarvarty,19,Female,77,85,79,52,91,ananya.chakarvarty@gmail.com,ananya1234
928,Vihaan,Sharma,24,Male,66,61,88,69,76,vihaan.sharma@gmail.com,vihaan1234
929,Mira,Verma,20,Female,51,79,81,97,63,mira.verma@gmail.com,mira1234
930,Vivaan,Singh,24,Male,95,57,51,95,90,vivaan.singh@gmail.com,vivaan1234
931,Kavya,Sharma,22,Female,88,57,52,83,59,kavya.sharma@gmail.com,kavya1234
932,Mira,Chakarvarty,22,Female,97,60,62,74,68,mira.chakarvarty@gmail.com,mira1234
933,Ayaan,Gautam,20,Male,77,92,56,81,95,ayaan.gautam@gmail.com,ayaan1234
934,Arjun,Verma,23,Female,62,65,71,54,54,arjun.verma@gmail.com,arjun1234
935,Aarohi,Arora,19,Male,82,64,70,65,80,aarohi.arora@gmail.com,aarohi1234
936,Sia,Kapoor,19,Female,80,95,73,57,85,sia.kapoor@gmail.com,sia1234
937,Mira,Kapoor,18,Female,53,57,67,55,90,mira.kapoor@gmail.com,mira1234
938,Diya,Puniya,19,Male,57,93,74,56,95,diya.puniya@gmail.com,diya1234
939,Karthik,Puniya,24,Male,56,82,51,79,63,karthik.puniya@gmail.com,karthik1234
940,Navya,Puniya,18,Male,91,89,52,50,76,navya.puniya@gmail.com,navya1234
941,Saanvi,Gautam,20,Female,85,62,63,85,59,saanvi.gautam@gmail.com,saanvi1234
942,Diya,Sharma,20,Male,81,61,88,68,93,diya.sharma@gmail.com,diya1234
943,Diya,Chakarvarty,20,Male,78,74,65,87,68,diya.chakarvarty@gmail.com,diya1234
944,Ishaan,Dangwal,18,Female,89,74,99,59,52,ishaan.dangwal@gmail.com,ishaan1234
945,Vivaan,Kapoor,22,Female,64,54,61,78,63,vivaan.kapoor@gmail.com,vivaan1234
946,Karthik,Chakarvarty,18,Female,85,89,67,81,52,karthik.chakarvarty@gmail.com,karthik1234
947,Ananya,Singh,23,Male,94,84,52,95,75,ananya.singh@gmail.com,ananya1234
948,Kavya,Singh,21,Female,79,89,76,56,52,kavya.singh@gmail.com,kavya1234
949,Kavya,Verma,21,Female,53,63,53,51,85,kavya.verma@gmail.com,kavya1234
950,Reyansh,Arora,18,Female,81,99,64,53,76,reyansh.arora@gmail.com,reyansh1234
951,Aarav,Puniya,20,Female,59,59,52,80,54,aarav.puniya@gmail.com,aarav1234
952,Kavya,Sharma,22,Female,78,90,83,52,58,kavya.sharma@gmail.com,kavya1234
953,Reyansh,Gautam,23,Female,67,73,74,54,96,reyansh.gautam@gmail.com,reyansh1234
954,Ananya,Verma,21,Male,97,50,72,52,75,ananya.verma@gmail.com,ananya1234
955,Karthik,Arora,19,Male,79,97,99,51,87,karthik.arora@gmail.com,karthik1234
956,Ishaan,Puniya,20,Female,84,67,94,75,72,ishaan.puniya@gmail.com,ishaan1234
957,Reyansh,Verma,21,Male,69,79,78,67,61,reyansh.verma@gmail.com,reyansh1234
958,Aarav,Puniya,20,Male,78,74,72,50,83,aarav.puniya@gmail.com,aarav1234
959,Reyansh,Sharma,23,Male,66,70,65,85,90,reyansh.sharma@gmail.com,reyansh1234
960,Sia,Arora,22,Male,99,62,56,64,66,sia.arora@gmail.com,sia1234
961,Aditya,Verma,21,Female,92,56,64,61,96,aditya.verma@gmail.com,aditya1234
962,Vivaan,Dangwal,21,Female,88,80,72,93,62,vivaan.dangwal@gmail.com,vivaan1234
963,Diya,Singh,21,Female,96,85,99,62,77,diya.singh@gmail.com,diya1234
964,Ishaan,Arora,19,Male,96,72,62,65,77,ishaan.arora@gmail.com,ishaan1234
965,Navya,Gautam,19,Male,68,94,67,97,59,navya.gautam@gmail.com,navya1234
966,Aisha,Chakarvarty,21,Male,73,94,64,78,92,aisha.chakarvarty@gmail.com,aisha1234
967,Diya,Gautam,18,Female,53,85,67,89,64,diya.gautam@gmail.com,diya1234
968,Aarav,Singh,20,Male,57,62,51,68,53,aarav.singh@gmail.com,aarav1234
969,Kavya,Kapoor,24,Male,96,90,81,99,95,kavya.kapoor@gmail.com,kavya1234
970,Reyansh,Puniya,21,Male,57,98,61,53,51,reyansh.puniya@gmail.com,reyansh1234
971,Aarav,Chakarvarty,19,Male,79,69,60,80,50,aarav.chakarvarty@gmail.com,aarav1234
972,Arjun,Dangwal,21,Male,82,55,98,72,87,arjun.dangwal@gmail.com,arjun1234
973,Navya,Sharma,18,Male,65,69,68,91,67,navya.sharma@gmail.com,navya1234
974,Aisha,Sharma,21,Female,69,76,81,57,86,aisha.sharma@gmail.com,aisha1234
975,Navya,Puniya,18,Female,55,76,75,71,65,navya.puniya@gmail.com,navya1234
976,Karthik,Kapoor,24,Male,57,57,99,65,66,karthik.kapoor@gmail.com,karthik1234
977,Mira,Chakarvarty,23,Female,68,78,81,55,81,mira.chakarvarty@gmail.com,mira1234
978,Mira,Chakarvarty,23,Female,74,92,71,59,85,mira.chakarvarty@gmail.com,mira1234
979,Kavya,Sharma,21,Female,98,66,83,54,77,kavya.sharma@gmail.com,kavya1234
980,Reyansh,Chakarvarty,21,Male,76,66,89,67,96,reyansh.chakarvarty@gmail.com,reyansh1234
981,Aisha,Chakarvarty,19,Male,87,55,60,69,73,aisha.chakarvarty@gmail.com,aisha1234
982,Mira,Gautam,19,Female,67,72,83,73,50,mira.gautam@gmail.com,mira1234
983,Aarohi,Kapoor,18,Female,75,62,78,93,88,aarohi.kapoor@gmail.com,aarohi1234
984,Diya,Puniya,23,Female,81,87,85,91,68,diya.puniya@gmail.com,diya1234
985,Aarohi,Dangwal,21,Female,53,65,75,79,98,aarohi.dangwal@gmail.com,aarohi1234
986,Aanya,Dangwal,24,Female,62,76,93,79,91,aanya.dangwal@gmail.com,aanya1234
987,Karthik,Chakarvarty,19,Male,81,85,72,83,64,karthik.chakarvarty@gmail.com,karthik1234
988,Diya,Arora,23,Male,74,69,74,76,88,diya.arora@gmail.com,diya1234
989,Mira,Gautam,23,Male,56,60,96,75,57,mira.gautam@gmail.com,mira1234
990,Aarav,Gautam,24,Male,91,70,70,58,66,aarav.gautam@gmail.com,aarav1234
991,Aarav,Chakarvarty,21,Male,56,57,88,74,69,aarav.chakarvarty@gmail.com,aarav1234
992,Karthik,Sharma,24,Male,78,76,94,68,75,karthik.sharma@gmail.com,karthik1234
993,Arjun,Puniya,19,Male,99,58,62,87,80,arjun.puniya@gmail.com,arjun1234
994,Isha,Gautam,24,Male,59,86,73,92,75,isha.gautam@gmail.com,isha1234
995,Ishaan,Dangwal,22,Male,97,96,50,50,61,ishaan.dangwal@gmail.com,ishaan1234
996,Arjun,Sharma,24,Female,74,71,94,87,62,arjun.sharma@gmail.com,arjun1234
997,Aarav,Puniya,24,Female,88,66,94,93,98,aarav.puniya@gmail.com,aarav1234
998,Navya,Kapoor,20,Male,76,81,89,79,71,navya.kapoor@gmail.com,navya1234
999,Ishaan,Puniya,22,Male,87,83,99,56,64,ishaan.puniya@gmail.com,ishaan1234
1000,Navya,Gautam,23,Male,83,59,90,93,75,navya.gautam@gmail.com,navya1234
